﻿DELIT;GRUPO_DELITO;;;;;
HURTO;HURTO;;;;;
LESIONES PERSONALES AGRAVADAS POR CIRCUNSTANCIAS;LESIONES PERSONALES;;;;;
HURTO CALIFICADO.;HURTO;;;;;
LESIONES;LESIONES PERSONALES;;;;;
ABUSO DE CONFIANZA.;PATRIMONIO ECONOMICO;;;;;
HURTO.;HURTO;;;;;
DESPLAZAMIENTO FORZADO;DESPLAZAMIENTO;;;;;
VIOLENCIA INTRAFAMILIAR;VIOLENCIA INTRAFAMILIAR;;;;;
LESIONES PERSONALES CON INCAPACIDAD MENOR 60 DIAS;LESIONES PERSONALES;;;;;
HOMICIDIO CULPOSO;HOMICIDIO CULPOSO;;;;;
INASISTENCIA ALIMENTARIA;CONTRA LA FAMILIA;;;;;
LESIONES PERSONALES SIN SECUELAS;LESIONES PERSONALES;;;;;
ABUSO DE AUTORIDAD POR ACTO ARBITRARIO O INJUSTO;ADMINISTRACION PUBLICA;;;;;
ESTAFA.;ESTAFA;;;;;
ACTO SEXUAL VIOLENTO.;DELITOS SEXUALES;;;;;
LESIONES CULPOSAS;LESIONES PERSONALES CULPOSAS;;;;;
TRANSFERENCIA NO CONSENTIDA DE ACTIVOS VALIENDOSE DE ALGUNA MANIPULACION INFORMATICA O ARTIFICIO SEMEJANTE;DELITOS INFORMATICOS;;;;;
HOMICIDIO;HOMICIDIO DOLOSO;;;;;
VIOLENCIA CONTRA SERVIDOR PUBLICO;ADMINISTRACION PUBLICA;;;;;
DAÑO EN BIEN AJENO.;PATRIMONIO ECONOMICO;;;;;
PORNOGRAFIA CON MENORES;DELITOS SEXUALES;;;;;
HURTO AGRAVADO;HURTO;;;;;
AMENAZAS;AMENAZAS;;;;;
EXTORSION;EXTORSION;;;;;
HURTO CALIFICADO;HURTO;;;;;
APROVECHAMIENTO DE ERROR AJENO O CASO FORTUITO.;PATRIMONIO ECONOMICO;;;;;
VIOLACION ILICITA DE COMUNICACIONES O CORRESPONDENCIA DE CARACTER OFICIAL.;LIBERTAD INDIVIDUAL Y OTRAS GARANTIAS;;;;;
INJURIA.;INJURIA Y CALUMNIA;;;;;
FRAUDE A RESOLUCION JUDICIAL;IMPARTICION DE JUSTICIA;;;;;
CALUMNIA.;INJURIA Y CALUMNIA;;;;;
RECLUTAMIENTO ILICITO;RECLUTAMIENTO ILICITO;;;;;
FRAUDE PROCESAL;CORRUPCION JUDICIAL;;;;;
LESIONES PERSONALES CON DEFORMIDAD FISICA PERMANENTE;LESIONES PERSONALES;;;;;
ACCESO CARNAL ABUSIVO CON MENOR DE CATORCE AÑOS.;DELITOS SEXUALES;;;;;
ACCESO CARNAL VIOLENTO.;DELITOS SEXUALES;;;;;
CONSTREÑIMIENTO ILEGAL;CONSTRENIMIENTO;;;;;
HURTO POR MEDIOS INFORMATICOS Y SEMEJANTES;DELITOS INFORMATICOS;;;;;
HURTO MENOR CUANTIA.;HURTO;;;;;
MALTRATO MEDIANTE RESTRICCION A AL LIBERTAD FISICA.;CONTRA LA FAMILIA;;;;;
LESIONES PERSONALES CULPOSAS;LESIONES PERSONALES CULPOSAS;;;;;
INJURIA INDIRECTA;INJURIA Y CALUMNIA;;;;;
CAPTACION MASIVA Y HABITUAL DE DINEROS;ORDEN ECONOMICO SOCIAL;;;;;
ABUSO DE CONFIANZA CALIFICADO.;CORRUPCION PRIVADA;;;;;
FALSEDAD EN DOCUMENTO PRIVADO.;FALSEDAD EN DOCUMENTO;;;;;
CONCIERTO PARA DELINQUIR;CONCIERTO PARA DELINQUIR;;;;;
ACTOS SEXUALES CON MENOR DE CATORCE AÑOS.;DELITOS SEXUALES;;;;;
INJURIA POR VIAS DE HECHO;INJURIA Y CALUMNIA;;;;;
SUPLANTACION DE SITIOS WEB PARA CAPTURAR DATOS PERSONALES;DELITOS INFORMATICOS;;;;;
FALSEDAD MATERIAL EN DOCUMENTO PUBLICO.;FALSEDAD EN DOCUMENTO;;;;;
HURTO CALIFICADO MENOR CUANTIA;HURTO;;;;;
ACCESO CARNAL VIOLENTO EN PERSONA PROTEGIDA;DELITOS SEXUALES;;;;;
INCENDIO;SEGURIDAD PUBLICA;;;;;
FALSEDAD EN DOCUMENTOS;FALSEDAD EN DOCUMENTO;;;;;
EJERCICIO ARBITRARIO DE LA CUSTODIA DE HIJO MENOR DE EDAD;CONTRA LA FAMILIA;;;;;
DESAPARICION FORZADA;DESAPARICION FORZADA;;;;;
FALSEDAD PERSONAL.;FE PUBLICA;;;;;
HURTO CALIFICADO DE AUTOMOTOR MENOR CUANTIA ;HURTO;;;;;
DE LA INJURIA Y LA CALUMNIA;INJURIA Y CALUMNIA;;;;;
VIOLACION DE HABITACION AJENA.;LIBERTAD INDIVIDUAL Y OTRAS GARANTIAS;;;;;
FABRICACION; TRAFICO Y PORTE DE USO PRIVATIVO DE LAS FUERZAS ARMADAS POR PORTE;;;;;
RECEPTACION;IMPARTICION DE JUSTICIA;;;;;
APLICACION FRAUDULENTA DE CREDITO OFICIALMENTE REGULADO;ORDEN ECONOMICO SOCIAL;;;;;
ACCESO CARNAL ABUSIVO CON MENOR DE CATORCE AÑOS;DELITOS SEXUALES;;;;;
FALSEDAD MARCARIA.;FE PUBLICA;;;;;
LESIONES PERSONALES CON INCAPACIDAD MAYOR 30 DIAS MENOR 90 DIAS;LESIONES PERSONALES;;;;;
ACCESO ABUSIVO A UN SISTEMA INFORMATICO;DELITOS INFORMATICOS;;;;;
DELITOS CONTRA LA VIDA Y LA INTEGRIDAD PERSONAL;VIDA E INTEGRIDAD PERSONAL;;;;;
DELITOS CONTRA LA ADMINISTRACION DE PUBLICA;ADMINISTRACION PUBLICA;;;;;
VIOLACION DE MEDIDAS SANITARIAS;VIOLACION MEDIDAS SANITARIAS;;;;;
LESIONES PERSONALES CON DEFORMIDAD FISICA TRANSITORIA;LESIONES PERSONALES;;;;;
SECUESTRO EXTORSIVO;SECUESTRO EXTORSIVO;;;;;
CONTRATO SIN CUMPLIMIENTO DE REQUISITOS LEGALES;CORRUPCION ADMINISTRATIVA;;;;;
ACCESO CARNAL O ACTO SEXUAL ABUSIVOS CON INCAPAZ DE RESISTIR.;DELITOS SEXUALES;;;;;
ACOSO SEXUAL;DELITOS SEXUALES;;;;;
FALSEDAD IDEOLOGICA EN DOCUMENTO PUBLICO.;FALSEDAD EN DOCUMENTO;;;;;
PERTURBACION DE LA POSESION SOBRE INMUEBLE.;PATRIMONIO ECONOMICO;;;;;
DE LAS LESIONES PERSONALES;LESIONES PERSONALES;;;;;
FALSO TESTIMONIO;CORRUPCION JUDICIAL;;;;;
VIOLACION DE DATOS PERSONALES;DELITOS INFORMATICOS;;;;;
CONCIERTO PARA DELINQUIR AGRAVADO POR DARSE PARA EXTORSION;CONCIERTO PARA DELINQUIR;;;;;
USURPACION DE AGUAS.;PATRIMONIO ECONOMICO;;;;;
EXTORSION.;EXTORSION;;;;;
TRATA DE PERSONAS;TRATA DE PERSONAS;;;;;
TRANSFERENCIA NO CONSENTIDA DE ACTIVOS VALIENDOSE DE ALGUNA MANIPULACION INFORMATICA O;DELITOS INFORMATICOS;;;;;
DISPARO DE ARMA DE FUEGO;SEGURIDAD PUBLICA;;;;;
PREVARICATO POR OMISION;CORRUPCION JUDICIAL;;;;;
AMENAZAS CONTRA DEFENSORES DE DERECHOS HUMANOS Y SERVIDORES PUBLICOS;AMENAZAS;;;;;
INDUCCION A LA PROSTITUCION;DELITOS SEXUALES;;;;;
COHECHO POR DAR U OFRECER;CORRUPCION ADMINISTRATIVA;;;;;
USO DE MENORES DE EDAD LA COMISION DE DELITO;USO DE MENORES DE EDAD;;;;;
USURPACION DE TIERRAS.;PATRIMONIO ECONOMICO;;;;;
PROSTITUCION FORZADA O ESCLAVITUD SEXUAL;DELITOS SEXUALES;;;;;
APODERAMIENTO DE LOS HIDROCARBUROS; SUS DERIVADOS; BIOCOMBUSTIBLES O MEZCLAS QUE LOS CONTENGAN;ORDEN ECONOMICO SOCIAL;;;
UTILIZAC.O FACILITAC.MEDIOS DE COMUNICAC.PARA OFRECER ACTIV. SEXUALES CON MENORES DE 18 AÑOS;DELITOS SEXUALES;;;;;
DESTRUCCION; SUPRESION U OCULTAMIENTO DE DOCUMENTO PUBLICO.;FALSEDAD EN DOCUMENTO;;;;
AMENAZAS A TESTIGOS;CORRUPCION JUDICIAL;;;;;
INVASION DE TIERRAS O EDIFICACIONES.;PATRIMONIO ECONOMICO;;;;;
DEL HOMICIDIO;HOMICIDIO DOLOSO;;;;;
DAÑO EN OBRAS DE UTILIDAD SOCIAL;SEGURIDAD PUBLICA;;;;;
USO DE SOFTWARE MALICIOSO;DELITOS INFORMATICOS;;;;;
OCULTAMIENTO; ALTERACION O DESTRUCCION DE ELEMENTO MATERIAL PROBATORIO;CORRUPCION JUDICIAL;;;;
FALSA DENUNCIA;IMPARTICION DE JUSTICIA;;;;;
SECUESTRO SIMPLE;SECUESTRO SIMPLE;;;;;
DE LA VIOLENCIA INTRAFAMILIAR;VIOLENCIA INTRAFAMILIAR;;;;;
ADMINISTRACION DESLEAL;CORRUPCION PRIVADA;;;;;
TERRORISMO;SEGURIDAD PUBLICA;;;;;
INTERCEPTACION DE DATOS INFORMATICOS;;DELITOS INFORMATICOS;;;;
ENRIQUECIMIENTO ILICITO;CORRUPCION ADMINISTRATIVA;;;;;
DELITOS CONTRA EL ORDEN ECONOMICO SOCIAL;ORDEN ECONOMICO SOCIAL;;;;;
TORTURA CONTRA PERSONA PROTEGIDA;PERSONAS Y BIENES PROTEGIDOS POR EL DIH;;;;;
PREVARICATO POR ACCION;CORRUPCION JUDICIAL;;;;;
OMISION DEL AGENTE RETENEDOR O RECAUDADOR;CORRUPCION TRIBUTARIA;;;;;
CONCIERTO PARA DELINQUIR AGRAVADO POR DARSE PARA DESPLAZAMIENTO FORZADO;CONCIERTO PARA DELINQUIR;;;;;
TORTURA;LIBERTAD INDIVIDUAL Y OTRAS GARANTIAS;;;;;
TRAFICO FABRICACION O PORTE DE ESTUPEFACIENTES;ESTUPEFACIENTES;;;;;
ALZAMIENTO DE BIENES.;PATRIMONIO ECONOMICO;;;;;
PECULADO POR APROPIACION;CORRUPCION ADMINISTRATIVA;;;;;
MALTRATO ANIMAL;MALTRATO ANIMAL;;;;;
HURTO CALIFICADO AUTOMOTOR;HURTO;;;;;
ACTO SEXUAL CON MENOR DE CATORCE AÑOS;DELITOS SEXUALES;;;;;
TRAFICO FABRICACION O PORTE DE ESTUPEFACIENTES ;ESTUPEFACIENTES;;;;;
VIOLACION DE LOS DERECHOS DE REUNION Y ASOCIACION.;DERECHOS DE REUNION Y ASOCIA.;;;;;
UTILIZACION DE MEDIOS Y METODOS DE GUERRA ILICITOS;PERSONAS Y BIENES PROTEGIDOS POR EL DIH;;;;;
MALTRATO POR DESCUIDO; NEGLICENCIA O BANDONO EN PERSONA MAYOR DE 60 AÑOS;CONTRA LA FAMILIA;;;;
SUMINISTRO A MENOR;ESTUPEFACIENTES;;;;;
CONCIERTO PARA DELINQUIR AGRAVADO POR DARSE PARA DESAPARICION FORZADA;CONCIERTO PARA DELINQUIR;;;;;
FEMINICIDIO;FEMINICIDIO;;;;;
USURA;ORDEN ECONOMICO SOCIAL;;;;;
LESIONES PERSONALES CON DEFORMIDAD FISICA AFECTA ROSTRO;LESIONES PERSONALES;;;;;
DE LOS DELITOS CONTRA LA ASISTENCIA ALIMENTARIA;CONTRA LA FAMILIA;;;;;
EXTORSION MENOR CUANTIA;EXTORSION;;;;;
EMISION Y TRANSFERENCIA ILEGAL DE CHEQUE.;PATRIMONIO ECONOMICO;;;;;
ABIGEATO;HURTO;;;;;
DEPORTACION; EXPULSION; TRASLADO O DESPLAZAMIENTO FORZADO DE POBLACION CIVIL;PERSONAS Y BIENES PROTEGIDOS POR EL DIH;;;
CONCUSION;CORRUPCION ADMINISTRATIVA;;;;;
HOMICIDIO EN PERSONA PROTEGIDA;HOMICIDIO DOLOSO;;;;;
DESTRUCCION Y APROPIACION DE BIENES PROTEGIDOS;PERSONAS Y BIENES PROTEGIDOS POR EL DIH;;;;;
CONCIERTO PARA DELINQUIR AGRAVADO POR DARSE PARA GRUPOS AL MARGEN DE LA LEY;CONCIERTO PARA DELINQUIR;;;;;
TRAFICO DE MONEDA FALSIFICADA.;FE PUBLICA;;;;;
DIVULGACION Y EMPLEO DE DOCUMENTOS RESERVADOS.;LIBERTAD INDIVIDUAL Y OTRAS GARANTIAS;;;;;
FRAUDE EN LA INSCRIPCION DE CEDULAS;CORRUPCION ELECTORAL;;;;;
OMISION DE SOCORRO;VIDA E INTEGRIDAD PERSONAL;;;;;
OBSTACULIZACION ILEGITIMA DEL SISTEMA INFORMATICO O RED DE TELECOMUNICACION;DELITOS INFORMATICOS;;;;;
CALUMNIA INDIRECTA;INJURIA Y CALUMNIA;;;;;
ACTOS DE DISCRIMINACION RACIAL;PERSONAS Y BIENES PROTEGIDOS POR EL DIH;;;;;
DELITOS CONTRA LA LIBERTAD; INTEGRIDAD Y FORMACION SEXUALES;DELITOS SEXUALES;;;;
DISPARO DE ARMA DE FUEGO CONTRA VEHICULO;SEGURIDAD PUBLICA;;;;;
ACTOS DE TERRORISMO;PERSONAS Y BIENES PROTEGIDOS POR EL DIH;;;;;
ABUSO DE AUTORIDAD POR OMISION DE DENUNCIA;ADMINISTRACION PUBLICA;;;;;
ABANDONO;VIDA E INTEGRIDAD PERSONAL;;;;;
FUGA DE PRESOS;IMPARTICION DE JUSTICIA;;;;;
OBTENCION DE DOCUMENTO PUBLICO FALSO;FALSEDAD EN DOCUMENTO;;;;;
HURTO CALIFICADO DE AUTOMOTOR MAYOR CUANTIA ;HURTO;;;;;
ABORTO;ABORTO;;;;;
VIOLACION DE LA LIBERTAD DE TRABAJO.;LIBERTAD INDIVIDUAL Y OTRAS GARANTIAS;;;;;
VIOLACION DE HABITACION AJENA;LIBERTAD INDIVIDUAL Y OTRAS GARANTIAS;;;;;
ASONADA;REGIMEN CONSTITUCIONAL Y LEGAL;;;;;
EJERCICIO ILICITO DE ACTIVIDAD MONOPOLISTICA DE ARBITRIO RENTISTICO;CORRUPCION TRIBUTARIA;;;;;
CONCIERTO PARA DELINQUIR AGRAVADO POR DARSE PARA NARCOTRAFICO;CONCIERTO PARA DELINQUIR;;;;;
DELITOS CONTRA EL PATRIMONIO ECONOMICO;PATRIMONIO ECONOMICO;;;;;
TRAFICO DE MIGRANTES;LIBERTAD INDIVIDUAL Y OTRAS GARANTIAS;;;;;
FALSA DENUNCIA CONTRA PERSONA DETERMINADA;IMPARTICION DE JUSTICIA;;;;;
DAÑO EN MATERIA PRIMA; PRODUCTO AGROPECUARIO O INDUSTRIAL.;ORDEN ECONOMICO SOCIAL;;;;
ABUSO DE CONDICIONES DE INFERIORIDAD.;PATRIMONIO ECONOMICO;;;;;
DAÑO EN LOS RECURSOS NATURALES;DELITOS AMBIENTALES;;;;;
VIOLACION A LOS DERECHOS MORALES DE AUTOR.;DERECHOS DE AUTOR;;;;;
ACCESO CARNAL O ACTO SEXUAL EN PERSONA PUESTA EN INCAPACIDAD DE RESISTIR.;DELITOS SEXUALES;;;;;
HURTO MAYOR CUANTIA.;HURTO;;;;;
CONCIERTO PARA DELINQUIR AGRAVADO POR DARSE PARA HOMICIDIO;CONCIERTO PARA DELINQUIR;;;;;
LESIONES PERSONALES;LESIONES PERSONALES CULPOSAS;;;;;
HURTO CALIFICADO MAYOR CUANTIA;HURTO;;;;;
REBELION;REGIMEN CONSTITUCIONAL Y LEGAL;;;;;
DEL CONCIERTO; EL TERRORISMO; LAS AMENAZAS Y LA INSTIGACION;FABRICACION; TRAFICO Y PORTE DE ARMAS;;
URBANIZACION ILEGAL;ORDEN ECONOMICO SOCIAL;;;;;
DE LA DESAPARICION FORZADA;DESAPARICION FORZADA;;;;;
CONCIERTO PARA DELINQUIR AGRAVADO POR DARSE PARA TERRORISMO;CONCIERTO PARA DELINQUIR;;;;;
DEFRAUDACION DE FLUIDOS.;PATRIMONIO ECONOMICO;;;;;
MALTRATO POR DESCUIDO O ABANDONO EN PERSONA MAYOR DE 60 AÑOS;CONTRA LA FAMILIA;;;;;
USO DE DOCUMENTO FALSO.;FALSEDAD EN DOCUMENTO;;;;;
LESIONES CON PERTURBACION FUNCIONAL PERMANENTE;LESIONES PERSONALES;;;;;
FRAUDE DE SUBVENCIONES;ADMINISTRACION PUBLICA;;;;;
CONSTREÑIMIENTO A LA PROSTITUCION;DELITOS SEXUALES;;;;;
DE LOS ACTOS DE DISCRIMINACION;ACTOS DE DISCRIMINACION;;;;;
EXPLOTACION ILICITA DE YACIMIENTO MINERO Y OTROS MATERIALES;DELITOS AMBIENTALES;;;;;
HURTO. MAYOR CUANTIA;HURTO;;;;;
ABUSO DE FUNCION PUBLICA;ADMINISTRACION PUBLICA;;;;;
PROXENETISMO CON MENOR DE EDAD;DELITOS SEXUALES;;;;;
DEMANDA DE EXPLOTACIÓN SEXUAL COMERCIAL CON MENOR DE 18 AÑOS;DELITOS SEXUALES;;;;;
MALVERSACION Y DILAPIDACION DE BIENES FAMILIARES.;CONTRA LA FAMILIA;;;;;
FRAUDE DE SUBVENCIONES ADIC. POR EL;ADMINISTRACION PUBLICA;;;;;
PRIVACION ILEGAL DE LA LIBERTAD;LIBERTAD INDIVIDUAL Y OTRAS GARANTIAS;;;;;
OBSTRUCCION A VIAS PUBLICAS QUE AFECTAN EL ORDEN PUBLICO.;SEGURIDAD PUBLICA;;;;;
DEMANDA DE EXPLOT.SEX. COMERC. MENOR DE 18 AÑOS ;DELITOS SEXUALES;;;;;
ACCESO CARNAL O ACTO SEXUAL ABUSIVOS CON INCAPAZ DE RESISTIR;DELITOS SEXUALES;;;;;
ACTOS DE RACISMO O DISCRIMINACIÓN;ACTOS DE DISCRIMINACION;;;;;
VOTO FRAUDULENTO;CORRUPCION ELECTORAL;;;;;
ACCESO CARNAL O ACTO SEXUAL EN PERSONA PUESTA EN INCAPACIDAD DE RESISTIR;DELITOS SEXUALES;;;;;
USURPACION DE DERECHOS DE PROPIEDAD INDUSTRIAL Y DERECHOS DE OBTENTORES DE VARIEDADES VEGETALES;ORDEN ECONOMICO SOCIAL;;;;;
INDUCCION A AYUDA AL SUICIDIO;VIDA E INTEGRIDAD PERSONAL;;;;;
LESIONES EN PERSONA PROTEGIDA;LESIONES PERSONALES;;;;;
ESTIMULO A LA PROSTITUCION DE MENORES.;DELITOS SEXUALES;;;;;
INSTIGACION A DELINQUIR;SEGURIDAD PUBLICA;;;;;
DAÑO INFORMATICO;DELITOS INFORMATICOS;;;;;
INVASION DE AREAS DE ESPECIAL IMPORTANCIA ECOLOGICA;DELITOS AMBIENTALES;;;;;
ILICITO APROVECHAMIENTO DE LOS RECURSOS NATURALES RENOVABLES;DELITOS AMBIENTALES;;;;;
CONSTREÑIMIENTO PARA DELINQUIR;CONSTRENIMIENTO;;;;;
PERTURBACION FUNCIONAL TRANSITORIA;LESIONES PERSONALES;;;;;
FRAUDULENTA INTERNACION EN ASILO; CLINICA O ESTABLECIMIENTO SIMILAR.;LIBERTAD INDIVIDUAL Y OTRAS GARANTIAS;;;;
HURTO  MAYOR CUANTIA;HURTO;;;;;
LESIONES CON PERTURBACION PSIQUICA TRANSITORIA;LESIONES PERSONALES;;;;;
PROVOCACION DE INUNDACION O DERRUMBE;SEGURIDAD PUBLICA;;;;;
P;ABORTO;;;;;
LESIONES CON PERDIDA ANATOMICA O FUNCIONAL DE UN ORGANO O MIEMBRO;LESIONES PERSONALES;;;;;
ACCESO ABUSIVO A UN SISTEMA INFORMATICO.;LIBERTAD INDIVIDUAL Y OTRAS GARANTIAS;;;;;
SUSTRACCION DE BIEN PROPIO.;PATRIMONIO ECONOMICO;;;;;
EXPLOTACION DE MENORES DE EDAD;CONTRA LA FAMILIA;;;;;
PROLONGACION ILICITA DE LA PRIVACION DE LA LIBERTAD;LIBERTAD INDIVIDUAL Y OTRAS GARANTIAS;;;;;
SIN DELITO;OTROS DELITOS;;;;;
INFIDELIDAD A LOS DEBERES PROFESIONALES;IMPARTICION DE JUSTICIA;;;;;
HOMICIDIO PRETERINTENCIONAL;VIDA E INTEGRIDAD PERSONAL;;;;;
DELITOS CONTRA LA LIBERTAD INDIVIDUAL Y OTRAS GARANTIAS;LIBERTAD INDIVIDUAL Y OTRAS GARANTIAS;;;;;
PECULADO POR USO;CORRUPCION ADMINISTRATIVA;;;;;
INTERES INDEBIDO EN LA CELEBRACION DE CONTRATOS;CORRUPCION ADMINISTRATIVA;;;;;
EVASION FISCAL;CORRUPCION TRIBUTARIA;;;;;
LESIONES AL FETO;VIDA E INTEGRIDAD PERSONAL;;;;;
HURTO AUTOMOTOR MENOR CUANTIA;HURTO;;;;;
MALVERSACION Y DILAPIDACION DE BIENES.;CONTRA LA FAMILIA;;;;;
DE LOS ATENTADOS CONTRA LA CONFIDENCIALIDAD; LA INTEGRIDAD Y LA DISPONIBILIDAD DE LOS DATOS Y DE LOS SISTEMAS INFORMATICOS;DELITOS INFORMATICOS;;;;
FAVORECIMIENTO;IMPARTICION DE JUSTICIA;;;;;
DE LOS ACTOS SEXUALES ABUSIVOS;DELITOS SEXUALES;;;;;
DEL SECUESTRO;SECUESTRO SIMPLE;;;;;
VIOLACION DE HABITACION AJENA POR SERVIDOR PUBLICO;LIBERTAD INDIVIDUAL Y OTRAS GARANTIAS;;;;;
PECULADO CULPOSO;ADMINISTRACION PUBLICA;;;;;
UTILIZACION ILEGAL DE UNIFORMES E INSIGNIAS;SEGURIDAD PUBLICA;;;;;
COHECHO PROPIO;CORRUPCION ADMINISTRATIVA;;;;;
HOSTIGAMIENTO POR MOTIVOS DE RAZA; RELIGIÓN; IDEOLOGÍA; POLÍTICA; U ORIGEN NACIONAL; ÉTNICO O CULTURAL 134 B;ACTOS DE DISCRIMINACION
CONSERVACION O FINANCIACION DE PLANTACIONES;ESTUPEFACIENTES;;;;;
CONSTREÑIMIENTO ILEGAL POR P;CONSTRENIMIENTO;;;;;
CONTRABANDO;ORDEN ECONOMICO SOCIAL;;;;;
SUPRESION; ALTERACION O SUPOSICION DEL ESTADO CIVIL.;CONTRA LA FAMILIA;;;;
FRAUDE MEDIANTE CHEQUE;PATRIMONIO ECONOMICO;;;;;
HURTO AUTOMOTOR MAYOR CUANTIA;HURTO;;;;;
SOBORNO;CORRUPCION JUDICIAL;;;;;
DEL ABUSO DE AUTORIDAD Y OTRAS INFRACCIONES;ADMINISTRACION PUBLICA;;;;;
CORRUPCION DE ALIMENTOS; PRODUCTOS MEDICOS O MATERIAL PROFILACTICO;SALUD PUBLICA;;;;
DE LOS DELITOS CONTRA EL REGIMEN CONSTITUCIONAL Y LEGAL;REGIMEN CONSTITUCIONAL Y LEGAL;;;;;
EMPLEO O LANZAMIENTO DE SUSTANCIAS U OBJETOS PELIGROSOS;SEGURIDAD PUBLICA;;;;;
FALSIFICACION DE MONEDA NACIONAL O EXTRANJERA.;FE PUBLICA;;;;;
ACCESO CARNAL ABUSIVO EN PERSONA PROTEGIDA MENOR DE CATORCE AÑOS;DELITOS SEXUALES;;;;;
ADOPCION IRREGULAR.;CONTRA LA FAMILIA;;;;;
USO ILEGITIMO DE PATENTES;ORDEN ECONOMICO SOCIAL;;;;;
IRRESPETO A CADAVERES.;LIBERTAD INDIVIDUAL Y OTRAS GARANTIAS;;;;;
IMITACION O SIMULACION DE ALIMENTOS; PRODUCTOS O SUSTANCIAS;SALUD PUBLICA;;;;
INCESTO.;CONTRA LA FAMILIA;;;;;
CONSTREÑIMIENTO AL SUFRAGANTE;CORRUPCION ELECTORAL;;;;;
DE LOS ATENTADOS INFORMATICOS Y OTRAS INFRACCIONES;DELITOS INFORMATICOS;;;;;
UTILIZACION ILICITA DE EQUIPOS TRANSMISORES O RECEPTORES.;LIBERTAD INDIVIDUAL Y OTRAS GARANTIAS;;;;;
VIOLACION ILICITA DE COMUNICACIONES.;LIBERTAD INDIVIDUAL Y OTRAS GARANTIAS;;;;;
DESTINACION ILICITA DE MUEBLES O INMUEBLES;ESTUPEFACIENTES;;;;;
HURTO MENOR CUANTIA;HURTO;;;;;
DELITOS CONTRA LA VIDA; LA INTEGRIDAD FÍSICA Y EMOCIONAL DE LOS ANIMALES;MALTRATO ANIMAL;;;;
DE LOS DELITOS CONTRA LOS RECURSOS NATURALES Y EL MEDIO AMBIENTE;DELITOS AMBIENTALES;;;;;
CELEBRACION INDEBIDA DE CONTRATO DE SEGURO;LIBERTAD INDIVIDUAL Y OTRAS GARANTIAS;;;;;
DETENCION ILEGAL Y PRIVACION DEL DEBIDO PROCESO;PERSONAS Y BIENES PROTEGIDOS POR EL DIH;;;;;
FALSEDAD PARA OBTENER PRUEBA DE HECHO VERDADERO.;FE PUBLICA;;;;;
CORRUPCION DE SUFRAGANTE;CORRUPCION ELECTORAL;;;;;
OPERACIONES NO AUTORIZADAS CON ACCIONISTAS O ASOCIADOS.;ORDEN ECONOMICO SOCIAL;;;;;
HURTO  MENOR CUANTIA;HURTO;;;;;
USURPACION DE FUNCIONES PUBLICAS;ADMINISTRACION PUBLICA;;;;;
EMPLEO ILEGAL DE LA FUERZA PUBLICA;ADMINISTRACION PUBLICA;;;;;
DELITOS CONTRA LA FE PUBLICA;FE PUBLICA;;;;;
DELITOS CONTRA LA FAMILIA;CONTRA LA FAMILIA;;;;;
FAVORECIMIENTO POR SERVIDOR PUBLICO;CORRUPCION ADMINISTRATIVA;;;;;
MUERTE DE HIJO FRUTO DE ACCESO CARNAL VIOLENTO ABUSIVO O DE INSEMINACION;VIDA E INTEGRIDAD PERSONAL;;;;;
INJURIAS RECIPROCAS;INJURIA Y CALUMNIA;;;;;
DEL ABUSO DE CONFIANZA;PATRIMONIO ECONOMICO;;;;;
LESIONES CON AGENTES QUIMICOS ACIDO SUSTANCIAS SIMILARES;LESIONES PERSO AGENTES QUIMICOS;;;;;
DELITOS CONTRA LA INVIOLABILIDAD DE HABITACION O SITIO DE TR;LIBERTAD INDIVIDUAL Y OTRAS GARANTIAS;;;;;
DE LOS DELITOS CONTRA EL SISTEMA FINANCIERO;ORDEN ECONOMICO SOCIAL;;;;;
PECULADO POR APLICACION OFICIAL DIFERENTE;CORRUPCION ADMINISTRATIVA;;;;;
FALSIFICACION O USO FRAUDULENTO DE SELLO OFICIAL.;FE PUBLICA;;;;;
LAVADO DE ACTIVOS;ORDEN ECONOMICO SOCIAL;;;;;
CONCIERTO PARA DELINQUIR AGRAVADO POR DARSE PARA SECUESTRO EXTORSIVO;CONCIERTO PARA DELINQUIR;;;;;
FRAUDE AL SUFRAGANTE;CORRUPCION ELECTORAL;;;;;
DESTINO DE RECURSOS DEL TESORO PARA EL ESTIMULO O BENEFICIO INDEBIDO DE EXPLOTADORES Y COMERCIANTES DE METALES PRECIOSOS;ADMINISTRACION PUBLICA;;;;;
COHECHO IMPROPIO;CORRUPCION ADMINISTRATIVA;;;;;
DE LA INFIDELIDAD A LOS DEBERES PROFESIONALES;IMPARTICION DE JUSTICIA;;;;;
ADIC.L.579/2002;FABRICACION; TRAFICO Y PORTE DE ARMAS;;;;
TRAFICO DE INFLUENCIAS DE SERVIDOR PUBLICO;CORRUPCION ADMINISTRATIVA;;;;;
DISPOSICION DE BIEN PROPIO GRAVADO CON PRENDA.;PATRIMONIO ECONOMICO;;;;;
SIMULACION DE INVESTIDURA O CARGO;ADMINISTRACION PUBLICA;;;;;
VIOLACION A LOS DERECHOS PATRIMONIALES DE AUTOR Y DERECHOS CONEXOS;DERECHOS DE AUTOR;;;;;
TRAFICO DE SUSTANCIAS PARA PROCESAMIENTO DE NARCOTICOS;ESTUPEFACIENTES;;;;;
LESIONES CON PERTURBACION PSIQUICA PERMANENTE;LESIONES PERSONALES;;;;;
DE LA SUPRESION; ALTERACION O SUPOSICION DEL ESTADO CIVIL;CONTRA LA FAMILIA;;;;
UTILIZACION INDEBIDA DE INFORMACION PRIVILEGIADA.;PATRIMONIO ECONOMICO;;;;;
TOMA DE REHENES;PERSONAS Y BIENES PROTEGIDOS POR EL DIH;;;;;
DEL DAÑO;PATRIMONIO ECONOMICO;;;;;
DE LOS DELITOS CONTRA LOS DERECHOS DE AUTOR;DERECHOS DE AUTOR;;;;;
CONTAMINACION AMBIENTAL;DELITOS AMBIENTALES;;;;;
ALTERACION DE RESULTADOS ELECTORALES;CORRUPCION ELECTORAL;;;;;
LESIONES CULPOSAS AL FETO;VIDA E INTEGRIDAD PERSONAL;;;;;
ACTOS SEXUALES VIOLENTOS EN PERSONA PROTEGIDA;DELITOS SEXUALES;;;;;
PROPAGACION DEL VIRUS DE INMUNODEFICIENCIA HUMANA O DE LA HEPATITIS B;SALUD PUBLICA;;;;;
ALTERACION Y MODIFICACION DE CALIDAD; CANTIDAD; PESO O MEDIDA.;ORDEN ECONOMICO SOCIAL;;;
CONTAMINACION DE AGUAS;DELITOS AMBIENTALES;;;;;
CONSTREÑIMIENTO A APOYO BELICO;PERSONAS Y BIENES PROTEGIDOS POR EL DIH;;;;;
APOLOGIA DEL GENOCIDIO;VIDA E INTEGRIDAD PERSONAL;;;;;
ACTOS SEXUALES CON PERSONA PROTEGIDA MENOR DE CATORCE AÑOS;DELITOS SEXUALES;;;;;
INTERVENCION EN POLITICA;CORRUPCION ELECTORAL;;;;;
DE LOS DELITOS CONTRA LA AUTONOMIA PERSONAL;LIBERTAD INDIVIDUAL Y OTRAS GARANTIAS;;;;;
DETENCION ARBITRARIA ESPECIAL;LIBERTAD INDIVIDUAL Y OTRAS GARANTIAS;;;;;
CONTAMINACION AMBIENTAL POR EXPLOTACION DE YACIMIENTO MINERO O HIDROCARBURO;DELITOS AMBIENTALES;;;;;
DELITOS CONTRA LA EFICAZ Y RECTA IMP;IMPARTICION DE JUSTICIA;;;;;
OMISION DE MEDIDAS DE SOCORRO Y ASISTENCIA HUMANITARIAS;PERSONAS Y BIENES PROTEGIDOS POR EL DIH;;;;;
PERTURBACION DE CERTAMEN DEMOCRATICO;CORRUPCION ELECTORAL;;;;;
ABORTO SIN CONSENTIMIENTO;DELITOS SEXUALES;;;;;
REPRESALIAS;PERSONAS Y BIENES PROTEGIDOS POR EL DIH;;;;;
DEL ENCUBRIMIENTO;IMPARTICION DE JUSTICIA;;;;;
FALSIFICACION DE EFECTO OFICIAL TIMBRADO.;FE PUBLICA;;;;;
FAVORECIMIENTO DE CONTRABANDO DE HIDROCARBUROS Y SUS DERIVADOS;ORDEN ECONOMICO SOCIAL;;;;;
IMPEDIMENTO O PERTURBACION DE LA CELBRACIÓN DE AUDIENCIAS PUBLICAS;IMPARTICION DE JUSTICIA;;;;;
PROPAGACION DE EPIDEMIA;VIOLACION MEDIDAS SANITARIAS;;;;;
VIOLACION A LA LIBERTAD RELIGIOSA.;LIBERTAD INDIVIDUAL Y OTRAS GARANTIAS;;;;;
DEL PECULADO;CORRUPCION ADMINISTRATIVA;;;;;
MODALIDAD CULPOSA DEL FAVORECIMIENTO DE LA FUGA;IMPARTICION DE JUSTICIA;;;;;
DEL PREVARICATO;CORRUPCION JUDICIAL;;;;;
DEL HURTO;HURTO;;;;;
ENRIQUECIMIENTO ILICITO DE P;CORRUPCION PRIVADA;;;;;
CONCIERTO PARA DELINQUIR AGRAVADO POR DARSE PARA TORTURA;CONCIERTO PARA DELINQUIR;;;;;
TRAFICO DE INFLUENCIAS DE P;CORRUPCION PRIVADA;;;;;
DELITOS CONTRA LA INTEGRIDAD MORAL;INJURIA Y CALUMNIA;;;;;
CORRUPCION PRIVADA;CORRUPCION PRIVADA;;;;;
OFRECIMIENTO ENGAÑOSO DE PRODUCTOS Y SERVICIOS.;ORDEN ECONOMICO SOCIAL;;;;;
FAVORECIMIENTO DEL DELITO DE CONTRABANDO DE HIDROCARBUROS O SUS DERIVADOS;ORDEN ECONOMICO SOCIAL;;;;;
PORTE DE SUSTANCIAS;ESTUPEFACIENTES;;;;;
DESTRUCCION DE BIENES E INSTALACIONES DE CARACTER SANITARIO;PERSONAS Y BIENES PROTEGIDOS POR EL DIH;;;;;
DEL FRAUDE PROCESAL Y OTRAS INFRACCIONES;IMPARTICION DE JUSTICIA;;;;;
FAVORECIMIENTO DE CONTRABANDO;ORDEN ECONOMICO SOCIAL;;;;;
MANIPULACION DE EQUIPOS MOVILES TERMINALES.;DELITOS INFORMATICOS;;;;;
REVELACION DE SECRETO;CORRUPCION ADMINISTRATIVA;;;;;
VIOLACION AL REGIMEN LEGAL O CONSTITUCIONAL DE INHABILIDADES E INCOMPATIBILIDADES;CORRUPCION ADMINISTRATIVA;;;;;
DELITOS CONTRA LOS RECURSOS NATURALES Y MEDIO AMBIENTE;DELITOS AMBIENTALES;;;;;
ENAJENACION ILEGAL DE MEDICAMENTOS;SALUD PUBLICA;;;;;
DE LA PRESTACION; ACCESO O USO ILEGALES DE LOS SERVICIOS DE TELECOMUNICACIONES. TELEFONIA CELULAR;PATRIMONIO ECONOMICO;;;;
DE LOS DELITOS CONTRA LA SALUD PUBLICA;ESTUPEFACIENTES;;;;;
SOBORNO EN LA ACTUACION PENAL;CORRUPCION JUDICIAL;;;;;
DAÑOS O AGRAVIOS A PERSONAS O COSAS DESTINADAS AL CULTO.;LIBERTAD INDIVIDUAL Y OTRAS GARANTIAS;;;;;
DE LOS DELITOS DE PELIGRO COMUN O QUE PUEDEN OCASIONAR GRAVE;FABRICACION; TRAFICO Y PORTE DE ARMAS;;;;
OMISION DE APOYO;ADMINISTRACION PUBLICA;;;;;
GENOCIDIO;VIDA E INTEGRIDAD PERSONAL;;;;;
DENEGACION DE INSCRIPCION;CORRUPCION ELECTORAL;;;;;
VIOLACION DE LA RESERVA INDUSTRIAL O COMERCIAL;ORDEN ECONOMICO SOCIAL;;;;;
FRAUDE ADUANERO;CORRUPCION TRIBUTARIA;;;;;
ASESORAMIENTO Y OTRAS ACTUACIONES ILEGALES;ADMINISTRACION PUBLICA;;;;;
ALTERACION DESFIGURACION Y SUPLANTACION DE MARCAS DE GANADO.;PATRIMONIO ECONOMICO;;;;;
UTILIZACION INDEBIDA DE FONDOS CAPTADOS DEL PUBLICO;ORDEN ECONOMICO SOCIAL;;;;;
SEDICION;REGIMEN CONSTITUCIONAL Y LEGAL;;;;;
CAZA ILEGAL;DELITOS AMBIENTALES;;;;;
SINIESTRO O DAÑO DE NAVE;SEGURIDAD PUBLICA;;;;;
FAVORECIMIENTO DE LA FUGA;IMPARTICION DE JUSTICIA;;;;;
DELITOS CONTRA LA SEGURIDAD PUBLICA;FABRICACION; TRAFICO Y PORTE DE ARMAS;;;;
GESTION INDEBIDA DE LOS RECURSOS SOCIALES.;PATRIMONIO ECONOMICO;;;;;
DAÑO EN OBRAS O ELEMENTOS DE LOS SERVICIOS DE COMUNICACIONES; ENERGIA Y COMBUSTIBLES;SEGURIDAD PUBLICA;;;;
DE LOS DELITOS CONTRA LOS SERVIDORES PUBLICOS;ADMINISTRACION PUBLICA;;;;;
DE LOS DELITOS CONTRA LA LIBERTAD DE TRABAJO Y ASOCIACION;LIBERTAD INDIVIDUAL Y OTRAS GARANTIAS;;;;;
FALSEDAD EN DOCUMENTO PRIVADO;FALSEDAD EN DOCUMENTO;;;;;
ESPIONAJE;SEGURIDAD DEL ESTADO;;;;;
TRATA DE PERSONAS TRANSNACIONAL;TRATA DE PERSONAS;;;;;
ENTRENAMIENTO PARA ACTIVIDADES ILICITAS;SEGURIDAD PUBLICA;;;;;
DE LA USURPACION Y ABUSO DE FUNCIONES PUBLICAS;ADMINISTRACION PUBLICA;;;;;
ASOCIACION PARA LA COMISION DE UN DELITO CONTRA LA ADMINISTRACION PUBLICA;ADMINISTRACION PUBLICA;;;;;
PERTURBACION EN SERVICIO DE TRANSPORTE COLECTIVO U OFICIAL;SEGURIDAD PUBLICA;;;;;
ADMINISTRACION DE RECURSOS RELACIONADOS CON ACTIVIDADES TERRORISTAS;SEGURIDAD PUBLICA;;;;;
DELITOS CONTRA MECANISMOS DE P;CORRUPCION ELECTORAL;;;;;
OMISION DE DENUNCIA DE P;IMPARTICION DE JUSTICIA;;;;;
CONTAMINACION AMBIENTAL POR RESIDUOS SOLIDOS PELIGROSOS;DELITOS AMBIENTALES;;;;;
FRAUDE EN EL REGISTRO DE VICTIMAS;OTROS DELITOS;;;;;
SABOTAJE.;LIBERTAD INDIVIDUAL Y OTRAS GARANTIAS;;;;;
PANICO;SEGURIDAD PUBLICA;;;;;
DE LA PROTECCION DE LA INFORMACION Y DE LOS DATOS;DELITOS INFORMATICOS;;;;;
FABRICACION Y COMERCIALIZACION DE SUSTANCIAS NOCIVAS PARA LA SALUD;SALUD PUBLICA;;;;;
VIOLACION A LOS MECANISMOS DE PROTECCION DE LOS DERECHOS PATRIMONIALES DE AUTOR Y OTRAS DEFRAUDACIONES.;DERECHOS DE AUTOR;;;;;
DE LA ESTAFA;PATRIMONIO ECONOMICO;;;;;
ACTOS DE BARBARIE;PERSONAS Y BIENES PROTEGIDOS POR EL DIH;;;;;
ESTIMULO AL USO ILICITO;ESTUPEFACIENTES;;;;;
DE LA DETENCION ARBITRARIA;LIBERTAD INDIVIDUAL Y OTRAS GARANTIAS;;;;;
TESTAFERRATO;ORDEN ECONOMICO SOCIAL;;;;;
TRAFICO DE NIÑAS; NIÑOS Y ADOLESCENTES;LIBERTAD INDIVIDUAL Y OTRAS GARANTIAS;;;;
DE LA CELEBRACION INDEBIDA DE CONTRATOS;CORRUPCION ADMINISTRATIVA;;;;;
OMISION DE CONTROL;ORDEN ECONOMICO SOCIAL;;;;;
DEL FALSO TESTIMONIO;IMPARTICION DE JUSTICIA;;;;;
CIRCULACION ILEGAL DE MONEDAS.;FE PUBLICA;;;;;
PERTURBACION DE ACTOS OFICIALES;ADMINISTRACION PUBLICA;;;;;
DE LOS DELITOS CONTRA EL SENTIMIENTO RELIGIOSO Y EL RESPETO;LIBERTAD INDIVIDUAL Y OTRAS GARANTIAS;;;;;
HOMICIDIO POR PIEDAD;VIDA E INTEGRIDAD PERSONAL;;;;;
DE LA VIOLACION A LA INTIMIDAD; RESERVA E INTERCEPTACION DE;LIBERTAD INDIVIDUAL Y OTRAS GARANTIAS;;;;
CONCIERTO PARA DELINQUIR AGRAVADO CUANDO SE TRATA DE MIEMBROS DE LA FUERZA PUBLICA ACTIVOS O RETIRADOS O DE ORGANISMOS D;CONCIERTO PARA DELINQUIR;;;;;
DE LA OMISION DE SOCORRO;VIDA E INTEGRIDAD PERSONAL;;;;;
EMISIONES ILEGALES.;FE PUBLICA;;;;;
TENENCIA; FABRICACION Y TRAFICO DE SUSTANCIA U OBJETOS PELIGROSOS;SEGURIDAD PUBLICA;;;;
HURTO DE HIDROCARBUROS O SUS DERIVADOS  DTO 1900/02;ORDEN ECONOMICO SOCIAL;;;;;
DE LA VIOLACION;DELITOS SEXUALES;;;;;
DE LA URBANIZACION ILEGAL;ORDEN ECONOMICO SOCIAL;;;;;
PANICO ECONOMICO;ORDEN ECONOMICO SOCIAL;;;;;
FAVORECIMIENTO DE VOTO FRAUDULENTO;CORRUPCION ELECTORAL;;;;;
SUMINISTRO O FORMULACION ILEGAL A DEPORTISTAS;ESTUPEFACIENTES;;;;;
DE LA EXTINCION DE DOMINIO;OTROS DELITOS;;;;;
DEL TRAFICO DE ESTUPEFACIENTES Y OTRAS INFRACCIONES;ESTUPEFACIENTES;;;;;
ESCLAVITUD SEXUAL EN PERSONA PROTEGIDA;DELITOS SEXUALES;;;;;
FAVORECIMIENTO DEL DELITO DE HURTO DE HIDROCARBUROS O SUS DERIVADOS;ORDEN ECONOMICO SOCIAL;;;;;
OFENSA A DIPLOMATICOS;SEGURIDAD DEL ESTADO;;;;;
USURPACION DE MARCAS Y PATENTES;ORDEN ECONOMICO SOCIAL;;;;;
UTILIZACION INDEBIDA DE INFORMACION OFICIAL PRIVILEGIADA.;CORRUPCION ADMINISTRATIVA;;;;;
DESAPARICION FORZADA LEY 589/2000;DESAPARICION FORZADA;;;;;
DE LA VIOLACION AL EJERCICIO DE MECANISMOS DE P;CORRUPCION ELECTORAL;;;;;
DEMANDA DE EXPLOT.SEX. COMERC. MENOR DE 18 AÑOS;DELITOS SEXUALES;;;;;
DEL ABANDONO DE MENORES Y PERSONAS DESVALIDAS;VIDA E INTEGRIDAD PERSONAL;;;;;
TURISMO SEXUAL.;DELITOS SEXUALES;;;;;
ILICITA EXPLOTACION COMERCIAL;ORDEN ECONOMICO SOCIAL;;;;;
DESTRUCCION DEL MEDIO AMBIENTE;PERSONAS Y BIENES PROTEGIDOS POR EL DIH;;;;;
DEL PROXENETISMO;DELITOS SEXUALES;;;;;
DE LA EXTORSION;EXTORSION;;;;;
DE LA UTILIZACION INDEBIDA DE INFORMACION Y DE INFLUENCIAS D;ADMINISTRACION PUBLICA;;;;;
UTILIZACION DE ASUNTO SOMETIDO A SECRETO O RESERVA;CORRUPCION ADMINISTRATIVA;;;;;
DEL ABORTO;ABORTO;;;;;
MANEJO ILICITO DE MICROORGANISMOS NOCIVOS;DELITOS AMBIENTALES;;;;;
FECUNDACION Y TRAFICO DE EMBRIONES;VIDA E INTEGRIDAD PERSONAL;;;;;
FALSA AUTOACUSACION;IMPARTICION DE JUSTICIA;;;;;
ABANDONO DE HIJO FRUTO DE ACCESO CARNAL VIOLENTO  ABUSIVO O DE INSEMINACION;VIDA E INTEGRIDAD PERSONAL;;;;;
DE LAS FALSAS IMPUTACIONES ANTE LAS AUTORIDADES;IMPARTICION DE JUSTICIA;;;;;
AGIOTAJE.;ORDEN ECONOMICO SOCIAL;;;;;
CONCIERTO PARA DELINQUIR AGRAVADO POR DARSE PARA GENOCIDIO;CONCIERTO PARA DELINQUIR;;;;;
SUMINISTRO O FORMULACION ILEGAL;ESTUPEFACIENTES;;;;;
DESPLAZAMIENTO FORZADO LEY 589/2000;DESPLAZAMIENTO;;;;;
IMPEDIMENTO Y PERTURBACION DE CEREMONIA RELIGIOSA.;LIBERTAD INDIVIDUAL Y OTRAS GARANTIAS;;;;;
OMISION DE DENUNCIA;DELITOS SEXUALES;;;;;
SUSTRACCION DE COSA PROPIA AL CUMPLIMIENTO DE DEBERES CONSTITUCIONALES O LEGALES;ORDEN ECONOMICO SOCIAL;;;;;
OMISION DE MEDIDAS DE PROTECCION A LA POBLACION CIVIL;PERSONAS Y BIENES PROTEGIDOS POR EL DIH;;;;;
DE LAS LESIONES AL FETO;VIDA E INTEGRIDAD PERSONAL;;;;;
TRAFICO COMPRA VENTA O COMERCIALIZACION DE COMPONENTES ANATOMICOS HUMANOS;OTROS DELITOS;;;;;
DEL INCESTO;CONTRA LA FAMILIA;;;;;
DEL TRAFICO DE INFLUENCIAS;ADMINISTRACION PUBLICA;;;;;
CONSPIRACION;REGIMEN CONSTITUCIONAL Y LEGAL;;;;;
VIOLACION DE FRONTERAS PARA LA EXPLOTACION DE RECURSOS NATURALES;DELITOS AMBIENTALES;;;;;
EXACCION O CONTRIBUCIONES ARBITRARIAS;PERSONAS Y BIENES PROTEGIDOS POR EL DIH;;;;;
MORA EN LA ENTREGA DE DOCUMENTOS RELACIONADOS CON UNA VOTACION;CORRUPCION ELECTORAL;;;;;
CONTRABANDO DE HIDROCARBUROS Y SUS DERIVADOS;ORDEN ECONOMICO SOCIAL;;;;;
DE LA FALSIFICACION DE MONEDA;FE PUBLICA;;;;;
DEL ENRIQUECIMIENTO ILICITO;CORRUPCION ADMINISTRATIVA;;;;;
DE LA MENDICIDAD Y EL TRAFICO DE MENORES;CONTRA LA FAMILIA;;;;;
OBSTACULIZACION DE TAREAS SANITARIAS Y HUMANITARIAS;PERSONAS Y BIENES PROTEGIDOS POR EL DIH;;;;;
CIRCULACION Y USO DE EFECTO OFICIAL O SELLO FALSIFICADO.;FE PUBLICA;;;;;
ACEPTACION INDEBIDA DE HONORES;SEGURIDAD DEL ESTADO;;;;;
ACAPARAMIENTO.;ORDEN ECONOMICO SOCIAL;;;;;
TRATA DE PERSONAS.;TRATA DE PERSONAS;;;;;
EXPORTACION O IMPORTACION FICTICIA;ORDEN ECONOMICO SOCIAL;;;;;
DE LA CONCUSION;CORRUPCION ADMINISTRATIVA;;;;;
DE LAS DEFRAUDACIONES;PATRIMONIO ECONOMICO;;;;;
DEL COHECHO;CORRUPCION ADMINISTRATIVA;;;;;
DELITOS CONTRA LAS PERSONAS Y BIENES PROTEGIDOS POR EL DEREC;PERSONAS Y BIENES PROTEGIDOS POR EL DIH;;;;;
APODERAMIENTO DE AERONAVES; NAVES O MEDIOS DE TRANSPORTE COLECTIVO.;LIBERTAD INDIVIDUAL Y OTRAS GARANTIAS;;;;
DEL TRAFICO DE PERSONAS.;LIBERTAD INDIVIDUAL Y OTRAS GARANTIAS;;;;;
ACUERDOS RESTRICTIVOS DE LA COMPETENCIA;CORRUPCION ADMINISTRATIVA;;;;;
MANIPULACION GENETICA;VIDA E INTEGRIDAD PERSONAL;;;;;
OBSTRUCCION DE OBRAS DE DEFENSA Y ASISTENCIA;SEGURIDAD PUBLICA;;;;;
EXPERIMENTACION ILEGAL EN ESPECIES ANIMALES O VEGETALES;DELITOS AMBIENTALES;;;;;
ATENTADOS A LA SUBSISTENCIA Y DEVASTACION;PERSONAS Y BIENES PROTEGIDOS POR EL DIH;;;;;
SEDUCCION; USURPACION Y RETENCION ILEGAL DEL MANDO;REGIMEN CONSTITUCIONAL Y LEGAL;;;;
DE LAS AFECTACIONES A LA SALUD PUBLICA;SALUD PUBLICA;;;;;
DE LA FALSIFICACION DE SELLOS; EFECTOS OFICIALES Y MARCAS;FE PUBLICA;;;;
DESNUDEZ FORZADA EN PERSONA PROTEGIDA;DELITOS SEXUALES;;;;;
TRAFICO; ELABORACION Y TENENCIA DE ELEMENTOS DESTINADOS A LA FALSIFICACION DE MONEDA.;FE PUBLICA;;;;
DE LA USURPACION;PATRIMONIO ECONOMICO;;;;;
PESCA ILEGAL;DELITOS AMBIENTALES;;;;;
APODERAMIENTO Y DESVIO DE AERONAVES; NAVES O MEDIOS DE TRANS;LIBERTAD INDIVIDUAL Y OTRAS GARANTIAS;;;;
ABORTO FORZADO EN PERSONA PROTEGIDA;DELITOS SEXUALES;;;;;
USO; CONSTRUCCIÓN; COMERCIALIZACIÓN Y/O TENENCIA DE SEMISUMERGIBLES O SUMERGIBLES.;ESTUPEFACIENTES;;;
DESTINACION ILEGAL DE COMBUSTIBLE;ORDEN ECONOMICO SOCIAL;;;;;
CUANTIA SUPERIOR A 100 SMLM;ORDEN ECONOMICO SOCIAL;;;;;
VIOLACION DE TREGUA O ARMISTICIO;SEGURIDAD DEL ESTADO;;;;;
UTILIZACION INDEBIDA DE INFLUENCIAS DERIVADAS DEL EJERCICIO DE FUNCION PUBLICA;ADMINISTRACION PUBLICA;;;;;
TRAFICO DE VOTOS;CORRUPCION ELECTORAL;;;;;
DEL ACCESO ILEGAL O PRESTACION ILEGAL DE LOS SERVICIOS DE TELECOMUNICACIONES.;PATRIMONIO ECONOMICO;;;;;
DESCONOCIMIENTO DE HABEAS CORPUS;LIBERTAD INDIVIDUAL Y OTRAS GARANTIAS;;;;;
DE LA ADOPCION IRREGULAR;CONTRA LA FAMILIA;;;;;
DELITOS CONTRA LA EXISTENCIA Y SEGURIDAD DEL ESTADO;SEGURIDAD DEL ESTADO;;;;;
INSTIGACION A LA GUERRA;SEGURIDAD DEL ESTADO;;;;;
DESPOJO EN EL CAMPO DE BATALLA;PERSONAS Y BIENES PROTEGIDOS POR EL DIH;;;;;
ALTERACION; DESFIGURACION Y SUPLANTACION DE MARCAS DE GANADO.;PATRIMONIO ECONOMICO;;;;
FABRICACION Y TRAFICO DE ARMAS Y MUNICIONES DE USO PRIVATIVO DE LAS FUERZAS ARMADAS;FABRICACION; TRAFICO Y PORTE DE ARMAS;;;;
DEL ACAPARAMIENTO; LA ESPECULACION Y OTRAS INFRACCIONES;ORDEN ECONOMICO SOCIAL;;;;
ELECCION ILICITA DE CANDIDATOS;CORRUPCION ELECTORAL;;;;;
EMISION ILEGAL DE EFECTOS OFICIALES.;FE PUBLICA;;;;;
DE LA FUGA DE PRESOS;IMPARTICION DE JUSTICIA;;;;;
TRATOS INHUMANOS Y DEGRADANTES Y EXPERIMENTOS BIOLOGICOS EN PERSONA PROTEGIDA;PERSONAS Y BIENES PROTEGIDOS POR EL DIH;;;;;
FAVORECIMIENTO POR SERVIDOR PUBLICO DE CONTRABANDO DE HIDROCARBUROS Y SUS DERIVADOS;ORDEN ECONOMICO SOCIAL;;;;;
DESTRUCCION O UTILIZACION ILICITA DE BIENES CULTURALES Y DE LUGARES DE CULTO;PERSONAS Y BIENES PROTEGIDOS POR EL DIH;;;;;
ATAQUE CONTRA OBRAS E INSTALACIONES QUE CONTIENEN FUERZAS PELIGROSAS;PERSONAS Y BIENES PROTEGIDOS POR EL DIH;;;;;
DE LOS DTOS CONTRA LOS MEDIOS PRUEBA Y OTRAS INFRACCIONES;IMPARTICION DE JUSTICIA;;;;;
DEFRAUDACION A LOS DERECHOS PATRIMONIALES DE AUTOR.;DERECHOS DE AUTOR;;;;;
DE LA EXPLOTACION SEXUAL;DELITOS SEXUALES;;;;;
COMERCIALIZACION DE AUTOP;IMPARTICION DE JUSTICIA;;;;;
EXISTENCIA; CONSTRUCCION Y UTILIZACION ILEGAL DE PISTAS DE ATERRIZAJE;ESTUPEFACIENTES;;;;
ESPECULACION.;ORDEN ECONOMICO SOCIAL;;;;;
UTILIZACION INDEBIDA DE INFORMACION OBTENIDA EN EL EJERCICIO DE FUNCION PUBLICA;ADMINISTRACION PUBLICA;;;;;
INCITACION A LA COMISION DE DELITOS MILITARES;SEGURIDAD PUBLICA;;;;;
SUPRESION DE SIGNO DE ANULACION DE EFECTO OFICIAL.;FE PUBLICA;;;;;
VIOLACION DE INMUNIDAD DIPLOMATICA;SEGURIDAD DEL ESTADO;;;;;
DEL LAVADO DE ACTIVOS;ORDEN ECONOMICO SOCIAL;;;;;
DELITOS CONTRA LA SEGURIDAD DEL ESTADO;SEGURIDAD DEL ESTADO;;;;;
POR ESTABLECER;OTROS DELITOS;;;;;
MENOSCABO A LA INTEGRIDAD NACIONAL;SEGURIDAD DEL ESTADO;;;;;
DEFRAUDACION A LAS RENTAS DE LA ADUANA;ORDEN ECONOMICO SOCIAL;;;;;
PROSTITUCION FORZADA EN PERSONA PROTEGIDA;DELITOS SEXUALES;;;;;
DE LOS DELITOS CONTRA LOS ANIMALES;MALTRATO ANIMAL;;;;;
CIRCUNSTANCIA DE AGRAVACION PUNIBLE;ESTUPEFACIENTES;;;;;
ACCESO CARNAL ABUSIVO CON MENOR DE CATORCE AÑOS. ;DELITOS SEXUALES;;;;;
ACCESO ABUSIVO A UN SISTEMA INFORMATICO ;DELITOS INFORMATICOS;;;;;
DISPARO DE ARMA DE FUEGO ;SEGURIDAD PUBLICA;;;;;
LESIONES CULPOSAS ;LESIONES PERSONALES CULPOSAS;;;;;
HURTO. ;HURTO;;;;;
ACTOS SEXUALES CON MENOR DE CATORCE AÑOS. ;DELITOS SEXUALES;;;;;
HURTO POR MEDIOS INFORMATICOS Y SEMEJANTES ;DELITOS INFORMATICOS;;;;;
CONCIERTO PARA DELINQUIR ;CONCIERTO PARA DELINQUIR;;;;;
INJURIA POR VIAS DE HECHO ;INJURIA Y CALUMNIA;;;;;
LESIONES ;LESIONES PERSONALES;;;;;
HURTO CALIFICADO ;HURTO;;;;;
AMENAZAS ;AMENAZAS;;;;;
FRAUDE PROCESAL ;CORRUPCION JUDICIAL;;;;;
HURTO AGRAVADO ;HURTO;;;;;
HOMICIDIO ;HOMICIDIO DOLOSO;;;;;
DESPLAZAMIENTO FORZADO ;DESPLAZAMIENTO;;;;;
VIOLENCIA INTRAFAMILIAR ;VIOLENCIA INTRAFAMILIAR;;;;;
INASISTENCIA ALIMENTARIA ;CONTRA LA FAMILIA;;;;;
REBELION ;REGIMEN CONSTITUCIONAL Y LEGAL;;;;;
CALUMNIA. ;INJURIA Y CALUMNIA;;;;;
LESIONES PERSONALES CULPOSAS ;LESIONES PERSONALES CULPOSAS;;;;;
HURTO MENOR CUANTIA. ;HURTO;;;;;
FRAUDE A RESOLUCION JUDICIAL ;IMPARTICION DE JUSTICIA;;;;;
CONSTREÑIMIENTO ILEGAL ;CONSTRENIMIENTO;;;;;
INJURIA INDIRECTA ;INJURIA Y CALUMNIA;;;;;
VIOLACION DE HABITACION AJENA. ;LIBERTAD INDIVIDUAL Y OTRAS GARANTIAS;;;;;
INJURIA. ;INJURIA Y CALUMNIA;;;;;
ABUSO DE CONFIANZA. ;PATRIMONIO ECONOMICO;;;;;
VIOLENCIA CONTRA SERVIDOR PUBLICO ;ADMINISTRACION PUBLICA;;;;;
FALSEDAD PERSONAL. ;FE PUBLICA;;;;;
LESIONES PERSONALES CON DEFORMIDAD FISICA TRANSITORIA ;LESIONES PERSONALES;;;;;
FALSEDAD MATERIAL EN DOCUMENTO PUBLICO. ;FALSEDAD EN DOCUMENTO;;;;;
PORNOGRAFIA CON MENORES ;DELITOS SEXUALES;;;;;
ESTAFA. ;ESTAFA;;;;;
HURTO CALIFICADO MENOR CUANTIA ;HURTO;;;;;
ABUSO DE CONDICIONES DE INFERIORIDAD. ;PATRIMONIO ECONOMICO;;;;;
HURTO ;HURTO;;;;;
HOMICIDIO CULPOSO ;HOMICIDIO CULPOSO;;;;;
DAÑO EN BIEN AJENO. ;PATRIMONIO ECONOMICO;;;;;
FALSEDAD EN DOCUMENTO PRIVADO. ;FALSEDAD EN DOCUMENTO;;;;;
ABUSO DE AUTORIDAD POR ACTO ARBITRARIO O INJUSTO ;ADMINISTRACION PUBLICA;;;;;
EXTORSION. ;EXTORSION;;;;;
ACCESO CARNAL VIOLENTO. ;DELITOS SEXUALES;;;;;
USO DE MENORES DE EDAD LA COMISION DE DELITO ;USO DE MENORES DE EDAD;;;;;
HURTO CALIFICADO DE AUTOMOTOR MENOR CUANTIA  ;HURTO;;;;;
USO DE DOCUMENTO FALSO. ;FALSEDAD EN DOCUMENTO;;;;;
ACTO SEXUAL VIOLENTO. ;DELITOS SEXUALES;;;;;
PREVARICATO POR OMISION ;CORRUPCION JUDICIAL;;;;;
LESIONES CON PERDIDA ANATOMICA O FUNCIONAL DE UN ORGANO O MIEMBRO ;LESIONES PERSONALES;;;;;
FALSO TESTIMONIO ;CORRUPCION JUDICIAL;;;;;
ACTO SEXUAL CON MENOR DE CATORCE AÑOS ;DELITOS SEXUALES;;;;;
SECUESTRO SIMPLE ;SECUESTRO SIMPLE;;;;;
ABANDONO ;VIDA E INTEGRIDAD PERSONAL;;;;;
RECEPTACION ;IMPARTICION DE JUSTICIA;;;;;
FALSA DENUNCIA CONTRA PERSONA DETERMINADA ;IMPARTICION DE JUSTICIA;;;;;
OMISION DE SOCORRO ;VIDA E INTEGRIDAD PERSONAL;;;;;
EXPLOTACION ILICITA DE YACIMIENTO MINERO Y OTROS MATERIALES ;DELITOS AMBIENTALES;;;;;
LESIONES PERSONALES CON DEFORMIDAD FISICA PERMANENTE ;LESIONES PERSONALES;;;;;
EXTORSION ;EXTORSION;;;;;
FEMINICIDIO ;FEMINICIDIO;;;;;
ACCESO CARNAL O ACTO SEXUAL ABUSIVOS CON INCAPAZ DE RESISTIR ;DELITOS SEXUALES;;;;;
PERTURBACION DE LA POSESION SOBRE INMUEBLE. ;PATRIMONIO ECONOMICO;;;;;
LESIONES PERSONALES CON DEFORMIDAD FISICA AFECTA ROSTRO ;LESIONES PERSONALES;;;;;
USURPACION DE TIERRAS. ;PATRIMONIO ECONOMICO;;;;;
DESAPARICION FORZADA ;DESAPARICION FORZADA;;;;;
SUMINISTRO A MENOR ;ESTUPEFACIENTES;;;;;
ASONADA ;REGIMEN CONSTITUCIONAL Y LEGAL;;;;;
VIOLACION DE DATOS PERSONALES ;DELITOS INFORMATICOS;;;;;
EJERCICIO ARBITRARIO DE LA CUSTODIA DE HIJO MENOR DE EDAD ;CONTRA LA FAMILIA;;;;;
HURTO CALIFICADO. ;HURTO;;;;;
ACCESO CARNAL O ACTO SEXUAL EN PERSONA PUESTA EN INCAPACIDAD DE RESISTIR ;DELITOS SEXUALES;;;;;
ABUSO DE CONFIANZA CALIFICADO. ;CORRUPCION PRIVADA;;;;;
INDUCCION A LA PROSTITUCION ;DELITOS SEXUALES;;;;;
MALTRATO ANIMAL ;MALTRATO ANIMAL;;;;;
ACCESO CARNAL ABUSIVO CON MENOR DE CATORCE AÑOS ;DELITOS SEXUALES;;;;;
AMENAZAS A TESTIGOS ;CORRUPCION JUDICIAL;;;;;
FALSA DENUNCIA ;IMPARTICION DE JUSTICIA;;;;;
EMISION Y TRANSFERENCIA ILEGAL DE CHEQUE. ;PATRIMONIO ECONOMICO;;;;;
OMISION DEL AGENTE RETENEDOR O RECAUDADOR ;CORRUPCION TRIBUTARIA;;;;;
TRANSFERENCIA NO CONSENTIDA DE ACTIVOS VALIENDOSE DE ALGUNA MANIPULACION INFORMATICA O ;DELITOS INFORMATICOS;;;;;
TORTURA ;LIBERTAD INDIVIDUAL Y OTRAS GARANTIAS;;;;;
APROVECHAMIENTO DE ERROR AJENO O CASO FORTUITO. ;PATRIMONIO ECONOMICO;;;;;
ACOSO SEXUAL ;DELITOS SEXUALES;;;;;
INFIDELIDAD A LOS DEBERES PROFESIONALES ;IMPARTICION DE JUSTICIA;;;;;
USURA ;ORDEN ECONOMICO SOCIAL;;;;;
ACCESO CARNAL O ACTO SEXUAL ABUSIVOS CON INCAPAZ DE RESISTIR. ;DELITOS SEXUALES;;;;;
AMENAZAS CONTRA DEFENSORES DE DERECHOS HUMANOS Y SERVIDORES PUBLICOS ;AMENAZAS;;;;;
ILICITO APROVECHAMIENTO DE LOS RECURSOS NATURALES RENOVABLES ;DELITOS AMBIENTALES;;;;;
ABORTO ;ABORTO;;;;;
LESIONES CON PERTURBACION FUNCIONAL PERMANENTE ;LESIONES PERSONALES;;;;;
OBSTRUCCION A VIAS PUBLICAS QUE AFECTAN EL ORDEN PUBLICO. ;SEGURIDAD PUBLICA;;;;;
PREVARICATO POR ACCION ;CORRUPCION JUDICIAL;;;;;
LESIONES PERSONALES ;LESIONES PERSONALES CULPOSAS;;;;;
LESIONES PERSONALES AGRAVADAS POR CIRCUNSTANCIAS ;LESIONES PERSONALES;;;;;
CONSERVACION O FINANCIACION DE PLANTACIONES ;ESTUPEFACIENTES;;;;;
FALSEDAD IDEOLOGICA EN DOCUMENTO PUBLICO. ;FALSEDAD EN DOCUMENTO;;;;;
DIVULGACION Y EMPLEO DE DOCUMENTOS RESERVADOS. ;LIBERTAD INDIVIDUAL Y OTRAS GARANTIAS;;;;;
INVASION DE TIERRAS O EDIFICACIONES. ;PATRIMONIO ECONOMICO;;;;;
TERRORISMO ;SEGURIDAD PUBLICA;;;;;
ACCESO CARNAL ABUSIVO EN PERSONA PROTEGIDA MENOR DE CATORCE AÑOS ;DELITOS SEXUALES;;;;;
PECULADO POR APROPIACION ;CORRUPCION ADMINISTRATIVA;;;;;
LESIONES CON PERTURBACION PSIQUICA TRANSITORIA ;LESIONES PERSONALES;;;;;
INSTIGACION A DELINQUIR ;SEGURIDAD PUBLICA;;;;;
EXTORSION MENOR CUANTIA ;EXTORSION;;;;;
INCENDIO ;SEGURIDAD PUBLICA;;;;;
EMPLEO ILEGAL DE LA FUERZA PUBLICA ;ADMINISTRACION PUBLICA;;;;;
FALSEDAD MARCARIA. ;FE PUBLICA;;;;;
APLICACION FRAUDULENTA DE CREDITO OFICIALMENTE REGULADO ;ORDEN ECONOMICO SOCIAL;;;;;
SECUESTRO EXTORSIVO ;SECUESTRO EXTORSIVO;;;;;
HURTO. MAYOR CUANTIA ;HURTO;;;;;
FAVORECIMIENTO ;IMPARTICION DE JUSTICIA;;;;;
CONSTREÑIMIENTO PARA DELINQUIR ;CONSTRENIMIENTO;;;;;
ABIGEATO ;HURTO;;;;;
RECLUTAMIENTO ILICITO ;RECLUTAMIENTO ILICITO;;;;;
DAÑO EN LOS RECURSOS NATURALES ;DELITOS AMBIENTALES;;;;;
VIOLACION DE LA LIBERTAD DE TRABAJO. ;LIBERTAD INDIVIDUAL Y OTRAS GARANTIAS;;;;;
DEMANDA DE EXPLOTACIÓN SEXUAL COMERCIAL CON MENOR DE 18 AÑOS ;DELITOS SEXUALES;;;;;
FUGA DE PRESOS ;IMPARTICION DE JUSTICIA;;;;;
DEFRAUDACION DE FLUIDOS. ;PATRIMONIO ECONOMICO;;;;;
SUPLANTACION DE SITIOS WEB PARA CAPTURAR DATOS PERSONALES ;DELITOS INFORMATICOS;;;;;
CONCIERTO PARA DELINQUIR AGRAVADO POR DARSE PARA HOMICIDIO ;CONCIERTO PARA DELINQUIR;;;;;
ABUSO DE AUTORIDAD POR OMISION DE DENUNCIA ;ADMINISTRACION PUBLICA;;;;;
LESIONES PERSONALES CON INCAPACIDAD MAYOR 30 DIAS MENOR 90 DIAS ;LESIONES PERSONALES;;;;;
CONCUSION ;CORRUPCION ADMINISTRATIVA;;;;;
ABUSO DE FUNCION PUBLICA ;ADMINISTRACION PUBLICA;;;;;
CONCIERTO PARA DELINQUIR AGRAVADO POR DARSE PARA EXTORSION ;CONCIERTO PARA DELINQUIR;;;;;
MALTRATO MEDIANTE RESTRICCION A AL LIBERTAD FISICA. ;CONTRA LA FAMILIA;;;;;
CONCIERTO PARA DELINQUIR AGRAVADO POR DARSE PARA GRUPOS AL MARGEN DE LA LEY ;CONCIERTO PARA DELINQUIR;;;;;
HURTO CALIFICADO MAYOR CUANTIA ;HURTO;;;;;
ACCESO CARNAL O ACTO SEXUAL EN PERSONA PUESTA EN INCAPACIDAD DE RESISTIR. ;DELITOS SEXUALES;;;;;
CONCIERTO PARA DELINQUIR AGRAVADO POR DARSE PARA NARCOTRAFICO ;CONCIERTO PARA DELINQUIR;;;;;
IRRESPETO A CADAVERES. ;LIBERTAD INDIVIDUAL Y OTRAS GARANTIAS;;;;;
PRIVACION ILEGAL DE LA LIBERTAD ;LIBERTAD INDIVIDUAL Y OTRAS GARANTIAS;;;;;
HURTO CALIFICADO AUTOMOTOR ;HURTO;;;;;
ACTOS DE TERRORISMO ;PERSONAS Y BIENES PROTEGIDOS POR EL DIH;;;;;
HURTO MAYOR CUANTIA. ;HURTO;;;;;
TRATA DE PERSONAS ;TRATA DE PERSONAS;;;;;
VIOLACION DE LOS DERECHOS DE REUNION Y ASOCIACION. ;DERECHOS DE REUNION Y ASOCIA.;;;;;
CONCIERTO PARA DELINQUIR AGRAVADO POR DARSE PARA SECUESTRO EXTORSIVO ;CONCIERTO PARA DELINQUIR;;;;;
USO DE SOFTWARE MALICIOSO ;DELITOS INFORMATICOS;;;;;
UTILIZACION ILEGAL DE UNIFORMES E INSIGNIAS ;SEGURIDAD PUBLICA;;;;;
CONTRATO SIN CUMPLIMIENTO DE REQUISITOS LEGALES ;CORRUPCION ADMINISTRATIVA;;;;;
TRAFICO DE INFLUENCIAS DE SERVIDOR PUBLICO ;CORRUPCION ADMINISTRATIVA;;;;;
PECULADO POR APLICACION OFICIAL DIFERENTE ;CORRUPCION ADMINISTRATIVA;;;;;
CALUMNIA INDIRECTA ;INJURIA Y CALUMNIA;;;;;
CONTAMINACION AMBIENTAL ;DELITOS AMBIENTALES;;;;;
HURTO MENOR CUANTIA ;HURTO;;;;;
LESIONES AL FETO ;VIDA E INTEGRIDAD PERSONAL;;;;;
OBSTACULIZACION ILEGITIMA DEL SISTEMA INFORMATICO O RED DE TELECOMUNICACION ;DELITOS INFORMATICOS;;;;;
OBTENCION DE DOCUMENTO PUBLICO FALSO ;FALSEDAD EN DOCUMENTO;;;;;
CAPTACION MASIVA Y HABITUAL DE DINEROS ;ORDEN ECONOMICO SOCIAL;;;;;
HURTO CALIFICADO DE AUTOMOTOR MAYOR CUANTIA  ;HURTO;;;;;
ENRIQUECIMIENTO ILICITO ;CORRUPCION ADMINISTRATIVA;;;;;
CONCIERTO PARA DELINQUIR AGRAVADO POR DARSE PARA TERRORISMO ;CONCIERTO PARA DELINQUIR;;;;;
VIOLACION DE MEDIDAS SANITARIAS ;VIOLACION MEDIDAS SANITARIAS;;;;;
ALZAMIENTO DE BIENES. ;PATRIMONIO ECONOMICO;;;;;
UTILIZAC.O FACILITAC.MEDIOS DE COMUNICAC.PARA OFRECER ACTIV. SEXUALES CON MENORES DE 18 AÑOS ;DELITOS SEXUALES;;;;;
ACCESO ABUSIVO A UN SISTEMA INFORMATICO. ;LIBERTAD INDIVIDUAL Y OTRAS GARANTIAS;;;;;
INDUCCION A AYUDA AL SUICIDIO ;VIDA E INTEGRIDAD PERSONAL;;;;;
TRAFICO DE MONEDA FALSIFICADA. ;FE PUBLICA;;;;;
INTERES INDEBIDO EN LA CELEBRACION DE CONTRATOS ;CORRUPCION ADMINISTRATIVA;;;;;
VIOLACION DE HABITACION AJENA ;LIBERTAD INDIVIDUAL Y OTRAS GARANTIAS;;;;;
HURTO  MENOR CUANTIA ;HURTO;;;;;
CONCIERTO PARA DELINQUIR AGRAVADO POR DARSE PARA DESAPARICION FORZADA ;CONCIERTO PARA DELINQUIR;;;;;
ADMINISTRACION DESLEAL ;CORRUPCION PRIVADA;;;;;
UTILIZACION DE MEDIOS Y METODOS DE GUERRA ILICITOS ;PERSONAS Y BIENES PROTEGIDOS POR EL DIH;;;;;
CONCIERTO PARA DELINQUIR AGRAVADO POR DARSE PARA DESPLAZAMIENTO FORZADO ;CONCIERTO PARA DELINQUIR;;;;;
VOTO FRAUDULENTO ;CORRUPCION ELECTORAL;;;;;
ESTIMULO A LA PROSTITUCION DE MENORES. ;DELITOS SEXUALES;;;;;
DAÑO EN OBRAS DE UTILIDAD SOCIAL ;SEGURIDAD PUBLICA;;;;;
PECULADO CULPOSO ;ADMINISTRACION PUBLICA;;;;;
DEMANDA DE EXPLOT.SEX. COMERC. MENOR DE 18 AÑOS  ;DELITOS SEXUALES;;;;;
INTERCEPTACION DE DATOS INFORMATICOS ;DELITOS INFORMATICOS;;;;;
COHECHO PROPIO ;CORRUPCION ADMINISTRATIVA;;;;;
USURPACION DE DERECHOS DE PROPIEDAD INDUSTRIAL Y DERECHOS DE OBTENTORES DE VARIEDADES VEGETALES ;ORDEN ECONOMICO SOCIAL;;;;;
HURTO AUTOMOTOR MENOR CUANTIA ;HURTO;;;;;
DISPARO DE ARMA DE FUEGO CONTRA VEHICULO ;SEGURIDAD PUBLICA;;;;;
ACTOS SEXUALES VIOLENTOS EN PERSONA PROTEGIDA ;DELITOS SEXUALES;;;;;
VIOLACION ILICITA DE COMUNICACIONES. ;LIBERTAD INDIVIDUAL Y OTRAS GARANTIAS;;;;;
VIOLACION A LOS DERECHOS PATRIMONIALES DE AUTOR Y DERECHOS CONEXOS ;DERECHOS DE AUTOR;;;;;
HOMICIDIO PRETERINTENCIONAL ;VIDA E INTEGRIDAD PERSONAL;;;;;
HOMICIDIO EN PERSONA PROTEGIDA ;HOMICIDIO DOLOSO;;;;;
CONSTREÑIMIENTO A LA PROSTITUCION ;DELITOS SEXUALES;;;;;
USURPACION DE AGUAS. ;PATRIMONIO ECONOMICO;;;;;
INCESTO. ;CONTRA LA FAMILIA;;;;;
COHECHO POR DAR U OFRECER ;CORRUPCION ADMINISTRATIVA;;;;;
ACCESO CARNAL VIOLENTO EN PERSONA PROTEGIDA ;DELITOS SEXUALES;;;;;
FALSIFICACION DE MONEDA NACIONAL O EXTRANJERA. ;FE PUBLICA;;;;;
PROXENETISMO CON MENOR DE EDAD ;DELITOS SEXUALES;;;;;
FAVORECIMIENTO DE CONTRABANDO ;ORDEN ECONOMICO SOCIAL;;;;;
LESIONES CON PERTURBACION PSIQUICA PERMANENTE ;LESIONES PERSONALES;;;;;
ALTERACION DE RESULTADOS ELECTORALES ;CORRUPCION ELECTORAL;;;;;
PERTURBACION EN SERVICIO DE TRANSPORTE COLECTIVO U OFICIAL ;SEGURIDAD PUBLICA;;;;;
PROLONGACION ILICITA DE LA PRIVACION DE LA LIBERTAD ;LIBERTAD INDIVIDUAL Y OTRAS GARANTIAS;;;;;
FALSEDAD PARA OBTENER PRUEBA DE HECHO VERDADERO. ;FE PUBLICA;;;;;
INTERVENCION EN POLITICA ;CORRUPCION ELECTORAL;;;;;
URBANIZACION ILEGAL ;ORDEN ECONOMICO SOCIAL;;;;;
FRAUDE EN LA INSCRIPCION DE CEDULAS ;CORRUPCION ELECTORAL;;;;;
ESPECULACION. ;ORDEN ECONOMICO SOCIAL;;;;;
HURTO  MAYOR CUANTIA ;HURTO;;;;;
USO ILEGITIMO DE PATENTES ;ORDEN ECONOMICO SOCIAL;;;;;
UTILIZACION INDEBIDA DE INFORMACION OFICIAL PRIVILEGIADA. ;CORRUPCION ADMINISTRATIVA;;;;;
DAÑO INFORMATICO ;DELITOS INFORMATICOS;;;;;
PECULADO POR USO ;CORRUPCION ADMINISTRATIVA;;;;;
CONTAMINACION DE AGUAS ;DELITOS AMBIENTALES;;;;;
PROPAGACION DEL VIRUS DE INMUNODEFICIENCIA HUMANA O DE LA HEPATITIS B ;SALUD PUBLICA;;;;;
ACTOS DE DISCRIMINACION RACIAL ;PERSONAS Y BIENES PROTEGIDOS POR EL DIH;;;;;
CONTRABANDO DE HIDROCARBUROS Y SUS DERIVADOS ;ORDEN ECONOMICO SOCIAL;;;;;
VIOLACION DE LA RESERVA INDUSTRIAL O COMERCIAL ;ORDEN ECONOMICO SOCIAL;;;;;
INJURIAS RECIPROCAS ;INJURIA Y CALUMNIA;;;;;
ADOPCION IRREGULAR. ;CONTRA LA FAMILIA;;;;;
VIOLACION DE HABITACION AJENA POR SERVIDOR PUBLICO ;LIBERTAD INDIVIDUAL Y OTRAS GARANTIAS;;;;;
CORRUPCION PRIVADA ;CORRUPCION PRIVADA;;;;;
CONTRABANDO ;ORDEN ECONOMICO SOCIAL;;;;;
CAZA ILEGAL ;DELITOS AMBIENTALES;;;;;
TRAFICO DE MIGRANTES ;LIBERTAD INDIVIDUAL Y OTRAS GARANTIAS;;;;;
LESIONES CULPOSAS AL FETO ;VIDA E INTEGRIDAD PERSONAL;;;;;
USURPACION DE MARCAS Y PATENTES ;ORDEN ECONOMICO SOCIAL;;;;;
SIMULACION DE INVESTIDURA O CARGO ;ADMINISTRACION PUBLICA;;;;;
TESTAFERRATO ;ORDEN ECONOMICO SOCIAL;;;;;
PANICO ;SEGURIDAD PUBLICA;;;;;
EMPLEO O LANZAMIENTO DE SUSTANCIAS U OBJETOS PELIGROSOS ;SEGURIDAD PUBLICA;;;;;
ABORTO SIN CONSENTIMIENTO ;DELITOS SEXUALES;;;;;
DISPOSICION DE BIEN PROPIO GRAVADO CON PRENDA. ;PATRIMONIO ECONOMICO;;;;;
TRAFICO FABRICACION O PORTE DE ESTUPEFACIENTES  ;ESTUPEFACIENTES;;;;;
ACTOS SEXUALES CON PERSONA PROTEGIDA MENOR DE CATORCE AÑOS ;DELITOS SEXUALES;;;;;
IMPEDIMENTO Y PERTURBACION DE CEREMONIA RELIGIOSA. ;LIBERTAD INDIVIDUAL Y OTRAS GARANTIAS;;;;;
FAVORECIMIENTO POR SERVIDOR PUBLICO DE CONTRABANDO DE HIDROCARBUROS Y SUS DERIVADOS ;ORDEN ECONOMICO SOCIAL;;;;;
FAVORECIMIENTO POR SERVIDOR PUBLICO ;CORRUPCION ADMINISTRATIVA;;;;;
EMISIONES ILEGALES. ;FE PUBLICA;;;;;
EJERCICIO ILICITO DE ACTIVIDAD MONOPOLISTICA DE ARBITRIO RENTISTICO ;CORRUPCION TRIBUTARIA;;;;;
HOSTILIDAD MILITAR ;SEGURIDAD DEL ESTADO;;;;;
FABRICACION Y COMERCIALIZACION DE SUSTANCIAS NOCIVAS PARA LA SALUD ;SALUD PUBLICA;;;;;
VIOLACION AL REGIMEN LEGAL O CONSTITUCIONAL DE INHABILIDADES E INCOMPATIBILIDADES ;CORRUPCION ADMINISTRATIVA;;;;;
OFRECIMIENTO ENGAÑOSO DE PRODUCTOS Y SERVICIOS. ;ORDEN ECONOMICO SOCIAL;;;;;
GESTION INDEBIDA DE LOS RECURSOS SOCIALES. ;PATRIMONIO ECONOMICO;;;;;
USURPACION DE FUNCIONES PUBLICAS ;ADMINISTRACION PUBLICA;;;;;
CONCIERTO PARA DELINQUIR AGRAVADO POR DARSE PARA TORTURA ;CONCIERTO PARA DELINQUIR;;;;;
FRAUDE AL SUFRAGANTE ;CORRUPCION ELECTORAL;;;;;
UTILIZACION ILICITA DE EQUIPOS TRANSMISORES O RECEPTORES. ;LIBERTAD INDIVIDUAL Y OTRAS GARANTIAS;;;;;
LESIONES EN PERSONA PROTEGIDA ;LESIONES PERSONALES;;;;;
LAVADO DE ACTIVOS ;ORDEN ECONOMICO SOCIAL;;;;;
FAVORECIMIENTO DE CONTRABANDO DE HIDROCARBUROS Y SUS DERIVADOS ;ORDEN ECONOMICO SOCIAL;;;;;
CORRUPCION DE SUFRAGANTE ;CORRUPCION ELECTORAL;;;;;
FALSIFICACION O USO FRAUDULENTO DE SELLO OFICIAL. ;FE PUBLICA;;;;;
FRAUDE DE SUBVENCIONES ADIC. POR EL ;ADMINISTRACION PUBLICA;;;;;
PERTURBACION DE ACTOS OFICIALES ;ADMINISTRACION PUBLICA;;;;;
TRAFICO DE SUSTANCIAS PARA PROCESAMIENTO DE NARCOTICOS ;ESTUPEFACIENTES;;;;;
VIOLACION ILICITA DE COMUNICACIONES O CORRESPONDENCIA DE CARACTER OFICIAL. ;LIBERTAD INDIVIDUAL Y OTRAS GARANTIAS;;;;;
CONCIERTO PARA DELINQUIR AGRAVADO POR DARSE PARA GENOCIDIO ;CONCIERTO PARA DELINQUIR;;;;;
FALSA AUTOACUSACION ;IMPARTICION DE JUSTICIA;;;;;
CIRCULACION ILEGAL DE MONEDAS. ;FE PUBLICA;;;;;
MALVERSACION Y DILAPIDACION DE BIENES FAMILIARES. ;CONTRA LA FAMILIA;;;;;
SABOTAJE. ;LIBERTAD INDIVIDUAL Y OTRAS GARANTIAS;;;;;
PROPAGACION DE EPIDEMIA ;VIOLACION MEDIDAS SANITARIAS;;;;;
TRATA DE PERSONAS TRANSNACIONAL ;TRATA DE PERSONAS;;;;;
VIOLACION A LOS DERECHOS MORALES DE AUTOR. ;DERECHOS DE AUTOR;;;;;
PANICO ECONOMICO ;ORDEN ECONOMICO SOCIAL;;;;;
DESTINACION ILICITA DE MUEBLES O INMUEBLES ;ESTUPEFACIENTES;;;;;
EXACCION O CONTRIBUCIONES ARBITRARIAS ;PERSONAS Y BIENES PROTEGIDOS POR EL DIH;;;;;
COHECHO IMPROPIO ;CORRUPCION ADMINISTRATIVA;;;;;
SUSTRACCION DE COSA PROPIA AL CUMPLIMIENTO DE DEBERES CONSTITUCIONALES O LEGALES ;ORDEN ECONOMICO SOCIAL;;;;;
MALVERSACION Y DILAPIDACION DE BIENES. ;CONTRA LA FAMILIA;;;;;
CONSTREÑIMIENTO A APOYO BELICO ;PERSONAS Y BIENES PROTEGIDOS POR EL DIH;;;;;
HURTO AUTOMOTOR MAYOR CUANTIA ;HURTO;;;;;
TRATA DE PERSONAS. ;TRATA DE PERSONAS;;;;;
UTILIZACION INDEBIDA DE INFORMACION PRIVILEGIADA. ;PATRIMONIO ECONOMICO;;;;;
SUSTRACCION DE BIEN PROPIO. ;PATRIMONIO ECONOMICO;;;;;
PORTE DE SUSTANCIAS ;ESTUPEFACIENTES;;;;;
ASESORAMIENTO Y OTRAS ACTUACIONES ILEGALES ;ADMINISTRACION PUBLICA;;;;;
INVASION DE AREAS DE ESPECIAL IMPORTANCIA ECOLOGICA ;DELITOS AMBIENTALES;;;;;
ADIC.L.579/2002 ;FABRICACION; TRAFICO Y PORTE DE ARMAS;;;;
REPRESALIAS ;PERSONAS Y BIENES PROTEGIDOS POR EL DIH;;;;;
VIOLACION A LA LIBERTAD RELIGIOSA. ;LIBERTAD INDIVIDUAL Y OTRAS GARANTIAS;;;;;
ACUERDOS RESTRICTIVOS DE LA COMPETENCIA ;CORRUPCION ADMINISTRATIVA;;;;;
ESTIMULO AL USO ILICITO ;ESTUPEFACIENTES;;;;;
CONTAMINACION AMBIENTAL POR RESIDUOS SOLIDOS PELIGROSOS ;DELITOS AMBIENTALES;;;;;
MODALIDAD CULPOSA DEL FAVORECIMIENTO DE LA FUGA ;IMPARTICION DE JUSTICIA;;;;;
TURISMO SEXUAL. ;DELITOS SEXUALES;;;;;
DEL TRAFICO DE PERSONAS. ;LIBERTAD INDIVIDUAL Y OTRAS GARANTIAS;;;;;
SOBORNO EN LA ACTUACION PENAL ;CORRUPCION JUDICIAL;;;;;
CONSTREÑIMIENTO AL SUFRAGANTE ;CORRUPCION ELECTORAL;;;;;
AGIOTAJE. ;ORDEN ECONOMICO SOCIAL;;;;;
DETENCION ILEGAL Y PRIVACION DEL DEBIDO PROCESO ;PERSONAS Y BIENES PROTEGIDOS POR EL DIH;;;;;
DESTRUCCION Y APROPIACION DE BIENES PROTEGIDOS ;PERSONAS Y BIENES PROTEGIDOS POR EL DIH;;;;;
REVELACION DE SECRETO ;CORRUPCION ADMINISTRATIVA;;;;;
SINIESTRO O DAÑO DE NAVE ;SEGURIDAD PUBLICA;;;;;
PERTURBACION DE CERTAMEN DEMOCRATICO ;CORRUPCION ELECTORAL;;;;;
SUPRESION DE SIGNO DE ANULACION DE EFECTO OFICIAL. ;FE PUBLICA;;;;;
OMISION DE MEDIDAS DE PROTECCION A LA POBLACION CIVIL ;PERSONAS Y BIENES PROTEGIDOS POR EL DIH;;;;;
PROSTITUCION FORZADA EN PERSONA PROTEGIDA ;DELITOS SEXUALES;;;;;
ACEPTACION INDEBIDA DE HONORES ;SEGURIDAD DEL ESTADO;;;;;
SOBORNO ;CORRUPCION JUDICIAL;;;;;
EMISION ILEGAL DE EFECTOS OFICIALES. ;FE PUBLICA;;;;;
FRAUDE ADUANERO ;CORRUPCION TRIBUTARIA;;;;;
ESPIONAJE ;SEGURIDAD DEL ESTADO;;;;;
CONTAMINACION AMBIENTAL POR EXPLOTACION DE YACIMIENTO MINERO O HIDROCARBURO ;DELITOS AMBIENTALES;;;;;
OMISION DE APOYO ;ADMINISTRACION PUBLICA;;;;;
FAVORECIMIENTO DE LA FUGA ;IMPARTICION DE JUSTICIA;;;;;
ACTOS DE BARBARIE ;PERSONAS Y BIENES PROTEGIDOS POR EL DIH;;;;;
UTILIZACION INDEBIDA DE FONDOS CAPTADOS DEL PUBLICO ;ORDEN ECONOMICO SOCIAL;;;;;
CONSPIRACION ;REGIMEN CONSTITUCIONAL Y LEGAL;;;;;
DESPOJO EN EL CAMPO DE BATALLA ;PERSONAS Y BIENES PROTEGIDOS POR EL DIH;;;;;
DESTRUCCION DEL MEDIO AMBIENTE ;PERSONAS Y BIENES PROTEGIDOS POR EL DIH;;;;;
ATENTADOS A LA SUBSISTENCIA Y DEVASTACION ;PERSONAS Y BIENES PROTEGIDOS POR EL DIH;;;;;
OMISION DE DENUNCIA ;DELITOS SEXUALES;;;;;
IMPEDIMENTO O PERTURBACION DE LA CELBRACIÓN DE AUDIENCIAS PUBLICAS ;IMPARTICION DE JUSTICIA;;;;;
ENTRENAMIENTO PARA ACTIVIDADES ILICITAS ;SEGURIDAD PUBLICA;;;;;
EVASION FISCAL ;CORRUPCION TRIBUTARIA;;;;;
VIOLACION A LOS MECANISMOS DE PROTECCION DE LOS DERECHOS PATRIMONIALES DE AUTOR Y OTRAS DEFRAUDACIONES. ;DERECHOS DE AUTOR;;;;;
DE LOS DELITOS DE TRAICION A LA PATRIA;SEGURIDAD DEL ESTADO;;;;;
MANIPULACION GENETICA ;VIDA E INTEGRIDAD PERSONAL;;;;;
SEDICION ;REGIMEN CONSTITUCIONAL Y LEGAL;;;;;
TRAFICO DE VOTOS ;CORRUPCION ELECTORAL;;;;;
OBSTRUCCION DE OBRAS DE DEFENSA Y ASISTENCIA ;SEGURIDAD PUBLICA;;;;;
HOMICIDIO POR PIEDAD ;VIDA E INTEGRIDAD PERSONAL;;;;;
ENAJENACION ILEGAL DE MEDICAMENTOS ;SALUD PUBLICA;;;;;
MANIPULACION DE EQUIPOS MOVILES TERMINALES. ;DELITOS INFORMATICOS;;;;;
DESTRUCCION O UTILIZACION ILICITA DE BIENES CULTURALES Y DE LUGARES DE CULTO ;PERSONAS Y BIENES PROTEGIDOS POR EL DIH;;;;;
TOMA DE REHENES ;PERSONAS Y BIENES PROTEGIDOS POR EL DIH;;;;;
EXPERIMENTACION ILEGAL EN ESPECIES ANIMALES O VEGETALES ;DELITOS AMBIENTALES;;;;;
ASOCIACION PARA LA COMISION DE UN DELITO CONTRA LA ADMINISTRACION PUBLICA ;ADMINISTRACION PUBLICA;;;;;
FALSIFICACION DE EFECTO OFICIAL TIMBRADO. ;FE PUBLICA;;;;;
ALTERACION DESFIGURACION Y SUPLANTACION DE MARCAS DE GANADO. ;PATRIMONIO ECONOMICO;;;;;
CELEBRACION INDEBIDA DE CONTRATO DE SEGURO ;LIBERTAD INDIVIDUAL Y OTRAS GARANTIAS;;;;;
DETENCION ARBITRARIA ESPECIAL ;LIBERTAD INDIVIDUAL Y OTRAS GARANTIAS;;;;;
COMERCIALIZACION DE COMPONENTES ANATOMICOS HUMANOS;OTROS DELITOS;;;;;
GENOCIDIO ;VIDA E INTEGRIDAD PERSONAL;;;;;
ADMINISTRACION DE RECURSOS RELACIONADOS CON ACTIVIDADES TERRORISTAS ;SEGURIDAD PUBLICA;;;;;
SUMINISTRO O FORMULACION ILEGAL A DEPORTISTAS ;ESTUPEFACIENTES;;;;;
FRAUDE EN EL REGISTRO DE VICTIMAS ;OTROS DELITOS;;;;;
TRATA DE PERSONAS EN PERSONA PROTEGIDA CON FINES DE EXPLOTACION SEXUAL ;TRATA DE PERSONAS;;;;;
OMISION DE CONTROL ;ORDEN ECONOMICO SOCIAL;;;;;
APOLOGIA DEL GENOCIDIO ;VIDA E INTEGRIDAD PERSONAL;;;;;
ATAQUE CONTRA OBRAS E INSTALACIONES QUE CONTIENEN FUERZAS PELIGROSAS ;PERSONAS Y BIENES PROTEGIDOS POR EL DIH;;;;;
OBSTACULIZACION DE TAREAS SANITARIAS Y HUMANITARIAS ;PERSONAS Y BIENES PROTEGIDOS POR EL DIH;;;;;
DEFRAUDACIÓN O EVASIÓN TRIBUTARIA. ;ADMINISTRACION PUBLICA;;;;;
ATENTADOS CONTRA HITOS FRONTERIZOS ;SEGURIDAD DEL ESTADO;;;;;
MANIPULACION FRAUDULENTA DE ESPECIES INSCRITAS EN EL REGISTRO NACIONAL DE VALORES E INTERMEDIARIOS ;ORDEN ECONOMICO SOCIAL;;;;;
REVELACION DE SECRETO CULPOSA  ;CORRUPCION ADMINISTRATIVA;;;;;
CIRCULACION Y USO DE EFECTO OFICIAL O SELLO FALSIFICADO. ;FE PUBLICA;;;;;
SUMINISTRO O FORMULACION ILEGAL ;ESTUPEFACIENTES;;;;;
DESNUDEZ FORZADA EN PERSONA PROTEGIDA ;DELITOS SEXUALES;;;;;
PROVOCACION DE INUNDACION O DERRUMBE ;SEGURIDAD PUBLICA;;;;;
OMISIÓN DE DENUNCIA DE P;IMPARTICION DE JUSTICIA;;;;;
DEL APODERAMIENTO DE LOS HIDROCARBUROS; SUS DERIVADOS; BIOCOMBUSTIBLES O MEZCLAS QUE LOS CONTENGAN Y OTRAS DISPOSICIONES;ORDEN ECONOMICO SOCIAL;;;
PESCA ILEGAL ;DELITOS AMBIENTALES;;;;;
CIRCUNSTANCIA DE AGRAVACION PUNIBLE DEL FEMINICIDIO ;FEMINICIDIO;;;;;
DAÑOS O AGRAVIOS A PERSONAS O COSAS DESTINADAS AL CULTO. ;LIBERTAD INDIVIDUAL Y OTRAS GARANTIAS;;;;;
ILICITA EXPLOTACION COMERCIAL ;ORDEN ECONOMICO SOCIAL;;;;;
PROSTITUCION FORZADA O ESCLAVITUD SEXUAL ;DELITOS SEXUALES;;;;;
OMISIÓN DE ACTIVOS O INCLUSIÓN DE PASIVOS INEXISTENTES. ;ADMINISTRACION PUBLICA;;;;;
OPERACIONES NO AUTORIZADAS CON ACCIONISTAS O ASOCIADOS. ;ORDEN ECONOMICO SOCIAL;;;;;
VIOLACION DE INMUNIDAD DIPLOMATICA ;SEGURIDAD DEL ESTADO;;;;;
FAVORECIMIENTO DEL DELITO DE CONTRABANDO DE HIDROCARBUROS O SUS DERIVADOS ;ORDEN ECONOMICO SOCIAL;;;;;
UTILIZACION DE ASUNTO SOMETIDO A SECRETO O RESERVA ;CORRUPCION ADMINISTRATIVA;;;;;
OMISION DE MEDIDAS DE SOCORRO Y ASISTENCIA HUMANITARIAS ;PERSONAS Y BIENES PROTEGIDOS POR EL DIH;;;;;
MENOSCABO A LA INTEGRIDAD NACIONAL ;SEGURIDAD DEL ESTADO;;;;;
OMISION DE INFORMACION DEL APORTANTE ;CORRUPCION ELECTORAL;;;;;
UTILIZACION INDEBIDA DE INFLUENCIAS DERIVADAS DEL EJERCICIO DE FUNCION PUBLICA ;ADMINISTRACION PUBLICA;;;;;
EXPORTACION O IMPORTACION FICTICIA ;ORDEN ECONOMICO SOCIAL;;;;;
ABANDONO DE HIJO FRUTO DE ACCESO CARNAL VIOLENTO  ABUSIVO O DE INSEMINACION ;VIDA E INTEGRIDAD PERSONAL;;;;;
UTILIZACION INDEBIDA DE INFORMACION OBTENIDA EN EL EJERCICIO DE FUNCION PUBLICA ;ADMINISTRACION PUBLICA;;;;;
DEFRAUDACION A LAS RENTAS DE LA ADUANA ;ORDEN ECONOMICO SOCIAL;;;;;