﻿departamento;municipio
Bolívar;TIQUISIO
Antioquia;MEDELLÍN
Tolima;IBAGUÉ
Huila;AIPE
Antioquia;ENVIGADO
Cundinamarca;SOACHA
Antioquia;LA ESTRELLA
Valle del Cauca;CALI
Nariño;PASTO
Valle del Cauca;PALMIRA
Santander;PIEDECUESTA
Nariño;EL CHARCO
Caldas;MANIZALES
Valle del Cauca;FLORIDA
Antioquia;BRICEÑO
Cauca;SOTARA
Antioquia;RIONEGRO
Putumayo;LEGUÍZAMO
Magdalena;EL BANCO
Chocó;QUIBDO
Antioquia;PUERTO BERRÍO
Caldas;RIOSUCIO
Nariño;EL PEÑOL
BOGOTÁ, D. C.;BOGOTÁ, D.C.
Antioquia;DABEIBA
Cundinamarca;MADRID
Meta;BARRANCA DE UPÍA
Sucre;COROZAL
Valle del Cauca;CARTAGO
Antioquia;COPACABANA
Putumayo;PUERTO ASÍS
Cauca;POPAYÁN
Boyaca;DUITAMA
Atlántico;BARRANQUILLA
Tolima;LÍBANO
Valle del Cauca;RESTREPO
Amazonas;LETICIA
Tolima;MARIQUITA
Santander;FLORIDABLANCA
Caldas;LA DORADA
Magdalena;SANTA MARTA
Norte de Santander;OCANA
Valle del Cauca;PRADERA
Cundinamarca;FUSAGASUGÁ
Atlántico;SOLEDAD
Tolima;FLANDES
Tolima;ALVARADO
Meta;ACACÍAS
Santander;BUCARAMANGA
Cauca;SANTANDER DE QUILICHAO
Nariño;TUMACO
Cundinamarca;TOCANCIPÁ
Córdoba;MONTERÍA
Tolima;ESPINAL
Cundinamarca;VILLETA
Quindío;ARMENIA
Meta;PUERTO GAITÁN
Antioquia;SALGAR
Cundinamarca;MOSQUERA
Risaralda;QUINCHÍA
Cesar;CHIMICHAGUA
Risaralda;SANTA ROSA DE CABAL
Meta;VILLAVICENCIO
Atlántico;SABANALARGA
Bolívar;MOMPÓS
Antioquia;MARINILLA
Santander;GIRÓN
Tolima;ROVIRA
Casanare;YOPAL
Quindío;CALARCA
Santander;PUENTE NACIONAL
Risaralda;PEREIRA
Santander;SAN GIL
Huila;NEIVA
Cauca;CALDONO
Santander;BETULIA
Antioquia;SABANETA
Sucre;SANTIAGO DE TOLÚ
Valle del Cauca;GUADALAJARA DE BUGA
Antioquia;EL CARMEN DE VIBORAL
Boyaca;TUNJA
La Guajira;RIOHACHA
Huila;PITALITO
Córdoba;CHINÚ
Antioquia;CALDAS
Santander;SABANA DE TORRES
Cundinamarca;LA VEGA
Valle del Cauca;TULUÁ
Putumayo;MOCOA
Caquetá;FLORENCIA
Santander;BARRANCABERMEJA
Bolívar;VILLANUEVA
Huila;GARZÓN
Huila;LA ARGENTINA
Norte de Santander;CÚCUTA
Cesar;CURUMANÍ
Huila;ACEVEDO
Boyaca;BETÉITIVA
Boyaca;CHIQUINQUIRÁ
Antioquia;BELLO
Casanare;MANÍ
Norte de Santander;LOS PATIOS
Arauca;TAME
Sucre;SAN MARCOS
Cundinamarca;SESQUILÉ
Antioquia;APARTADÓ
Valle del Cauca;BOLÍVAR
Cauca;VILLA RICA
Antioquia;ITAGUI
La Guajira;MAICAO
Antioquia;COCORNÁ
Valle del Cauca;SEVILLA
Cundinamarca;FÚQUENE
Antioquia;TURBO
Bolívar;CARTAGENA
Antioquia;JERICÓ
Cundinamarca;GUATAVITA
Tolima;PLANADAS
Cundinamarca;GACHANCIPÁ
Santander;PUERTO WILCHES
Sucre;SINCELEJO
La Guajira;VILLANUEVA
Córdoba;LA APARTADA
Sucre;SAN BENITO ABAD
Cesar;AGUACHICA
Cauca;EL TAMBO
Huila;SAN AGUSTÍN
Antioquia;SAN RAFAEL
Santander;MÁLAGA
Cesar;LA PAZ
Chocó;UNGUÍA
Valle del Cauca;DAGUA
Cundinamarca;GIRARDOT
Arauca;ARAUCA
Cesar;VALLEDUPAR
Valle del Cauca;ANSERMANUEVO
Antioquia;AMAGÁ
Valle del Cauca;JAMUNDÍ
Valle del Cauca;CAICEDONIA
Córdoba;LORICA
La Guajira;HATONUEVO
La Guajira;DIBULLA
Tolima;RIOBLANCO
Cundinamarca;CHÍA
Antioquia;SAN VICENTE
Santander;SOCORRO
Antioquia;SAN JOSE DE LA MONTAÑA
Bolívar;EL CARMEN DE BOLÍVAR
Tolima;HONDA
Valle del Cauca;CANDELARIA
Antioquia;ANORÍ
Chocó;ISTMINA
Huila;TESALIA
Quindío;PIJAO
Cundinamarca;CAJICÁ
Cundinamarca;ZIPAQUIRÁ
Cundinamarca;TENJO
Bolívar;MARÍA LA BAJA
Antioquia;VEGACHÍ
Meta;GUAMAL
Antioquia;SAN LUIS
Boyaca;AQUITANIA
Tolima;CUNDAY
Huila;NÁTAGA
Norte de Santander;BOCHALEMA
Tolima;COYAIMA
Antioquia;DON MATÍAS
Cundinamarca;GUTIÉRREZ
Caldas;CHINCHINÁ
Cundinamarca;NILO
Cauca;TOTORÓ
Boyaca;SOGAMOSO
Boyaca;GARAGOA
Caquetá;SAN VICENTE DEL CAGUÁN
Boyaca;SAMACÁ
Norte de Santander;SAN CALIXTO
Nariño;IPIALES
Magdalena;PLATO
Huila;ISNOS
Meta;CASTILLA LA NUEVA
Caquetá;CARTAGENA DEL CHAIRÁ
Cesar;AGUSTÍN CODAZZI
Valle del Cauca;EL CERRITO
Boyaca;TIBASOSA
Arauca;SARAVENA
Quindío;FILANDIA
La Guajira;SAN JUAN DEL CESAR
Tolima;AMBALEMA
Boyaca;MIRAFLORES
La Guajira;BARRANCAS
Sucre;COVEÑAS
Risaralda;PUEBLO RICO
Córdoba;PURÍSIMA
Cundinamarca;LA CALERA
Valle del Cauca;ROLDANILLO
Norte de Santander;LA PLAYA
Cundinamarca;PASCA
Antioquia;SEGOVIA
Cundinamarca;FUNZA
Tolima;SALDAÑA
Cauca;PIENDAMÓ
Antioquia;EL SANTUARIO
La Guajira;URIBIA
Boyaca;MONIQUIRÁ
Atlántico;PUERTO COLOMBIA
Meta;SAN JUAN DE ARAMA
Atlántico;MALAMBO
Bolívar;SAN JUAN NEPOMUCENO
Boyaca;MUZO
Valle del Cauca;YUMBO
Caquetá;EL PAUJIL
Magdalena;ZONA BANANERA
Magdalena;TENERIFE
Atlántico;BARANOA
Magdalena;FUNDACIÓN
Cauca;CALOTO
Cundinamarca;VILLA DE SAN DIEGO DE UBATE
Atlántico;SANTO TOMÁS
Antioquia;SAN JUAN DE URABA
Córdoba;PLANETA RICA
Huila;VILLAVIEJA
Antioquia;ANDES
Boyaca;BOYACÁ
Sucre;TOLÚ VIEJO
Cundinamarca;CHOACHÍ
Cundinamarca;TOPAIPÍ
Cundinamarca;GUASCA
Caldas;NEIRA
Antioquia;SAN PEDRO
Antioquia;CONCORDIA
Tolima;DOLORES
Córdoba;VALENCIA
Antioquia;CISNEROS
Córdoba;PUERTO ESCONDIDO
Norte de Santander;ABREGO
Cesar;SAN ALBERTO
Córdoba;SAHAGÚN
Antioquia;EBÉJICO
Cundinamarca;CACHIPAY
Boyaca;SOCHA
Antioquia;MUTATÁ
Antioquia;YONDÓ
Huila;AGRADO
Archipiélago de San Andrés, Providencia y Santa Catalina;SAN ANDRÉS
Caldas;ANSERMA
Huila;CAMPOALEGRE
Boyaca;PUERTO BOYACÁ
Cundinamarca;FACATATIVÁ
Vichada;LA PRIMAVERA
Norte de Santander;PAMPLONA
Nariño;BUESACO
Archipiélago de San Andrés, Providencia y Santa Catalina;PROVIDENCIA
Caldas;VILLAMARÍA
Sucre;SAN LUIS DE SINCÉ
Córdoba;PUEBLO NUEVO
Antioquia;GUARNE
Norte de Santander;TOLEDO
Antioquia;SANTA ROSA DE OSOS
Cundinamarca;COTA
Cauca;SUÁREZ
Huila;LA PLATA
La Guajira;MANAURE
Santander;VÉLEZ
Antioquia;SONSON
Cundinamarca;GACHETÁ
Valle del Cauca;LA CUMBRE
Córdoba;SAN PELAYO
Antioquia;BARBOSA
Tolima;MELGAR
Casanare;MONTERREY
Córdoba;CANALETE
Boyaca;SAN PABLO DE BORBUR
Chocó;NUQUÍ
Caldas;AGUADAS
Magdalena;PEDRAZA
Antioquia;FREDONIA
Antioquia;SOPETRÁN
Risaralda;MARSELLA
Putumayo;COLÓN
Antioquia;ANGOSTURA
Antioquia;NECHÍ
Córdoba;CERETÉ
Boyaca;SAN MIGUEL DE SEMA
Meta;EL CASTILLO
Meta;GRANADA
Boyaca;PAIPA
Vaupés;MITÚ
Antioquia;VIGÍA DEL FUERTE
Cauca;CAJIBÍO
Sucre;OVEJAS
Cundinamarca;SILVANIA
Valle del Cauca;BUENAVENTURA
Casanare;PAZ DE ARIPORO
La Guajira;FONSECA
Bolívar;ARJONA
Huila;IQUIRA
Santander;PÁRAMO
Bolívar;MAGANGUÉ
Magdalena;ARIGUANÍ
Boyaca;SÁCHICA
Cesar;LA JAGUA DE IBIRICO
Huila;PAICOL
Huila;GIGANTE
Boyaca;VENTAQUEMADA
Bolívar;TURBACO
Norte de Santander;CÁCOTA
Boyaca;SIACHOQUE
Antioquia;TITIRIBÍ
Cundinamarca;UNE
Vichada;CUMARIBO
Magdalena;PIVIJAY
Quindío;MONTENEGRO
Risaralda;LA CELIA
Tolima;PURIFICACIÓN
Valle del Cauca;GINEBRA
Nariño;CUMBAL
Cundinamarca;ZIPACÓN
Nariño;LA CRUZ
Antioquia;SAN CARLOS
Cundinamarca;ÚTICA
Valle del Cauca;ARGELIA
Sucre;MORROA
Antioquia;CAUCASIA
Huila;PALERMO
Bolívar;SIMITÍ
Caquetá;PUERTO RICO
Cundinamarca;COGUA
Huila;YAGUARÁ
Valle del Cauca;LA UNIÓN
Norte de Santander;PUERTO SANTANDER
Cauca;SILVIA
Guaviare;EL RETORNO
Cesar;BECERRIL
Guaviare;SAN JOSÉ DEL GUAVIARE
Tolima;FRESNO
Antioquia;GÓMEZ PLATA
Valle del Cauca;EL DOVIO
Santander;BOLÍVAR
Chocó;NÓVITA
Norte de Santander;VILLA DEL ROSARIO
Cundinamarca;CHIPAQUE
Boyaca;SUTAMARCHÁN
Córdoba;CIÉNAGA DE ORO
Antioquia;TÁMESIS
Risaralda;DOSQUEBRADAS
Norte de Santander;TIBÚ
Meta;PUERTO LÓPEZ
Caldas;MANZANARES
Cundinamarca;SASAIMA
Córdoba;MONTELÍBANO
Casanare;AGUAZUL
Tolima;CAJAMARCA
Cundinamarca;EL COLEGIO
Antioquia;SANTO DOMINGO
Santander;CERRITO
Cundinamarca;ANOLAIMA
Antioquia;CHIGORODÓ
Caquetá;MILÁN
Valle del Cauca;YOTOCO
Caquetá;SOLANO
Cundinamarca;RICAURTE
Córdoba;TIERRALTA
Norte de Santander;CUCUTILLA
Antioquia;TARAZÁ
Cauca;GUAPI
Nariño;LA FLORIDA
Boyaca;NOBSA
Cauca;LA VEGA
Boyaca;SABOYÁ
Bolívar;EL PEÑÓN
Antioquia;SAN ROQUE
Cauca;CORINTO
Antioquia;CAROLINA
Arauca;ARAUQUITA
Antioquia;CONCEPCIÓN
Cesar;PELAYA
Cauca;INZÁ
Cesar;MANAURE
Nariño;SAMANIEGO
Cauca;MORALES
Meta;FUENTE DE ORO
Caldas;ARANZAZU
Cundinamarca;SAN ANTONIO DEL TEQUENDAMA
Chocó;RIOSUCIO
Valle del Cauca;BUGALAGRANDE
Tolima;CHAPARRAL
Caquetá;BELÉN DE LOS ANDAQUIES
Bolívar;MARGARITA
Cundinamarca;SIMIJACA
Córdoba;BUENAVISTA
Quindío;LA TEBAIDA
Cesar;CHIRIGUANÁ
Santander;SAN VICENTE DE CHUCURÍ
Bolívar;SAN PABLO
Santander;BARBOSA
Antioquia;URRAO
Huila;TARQUI
Tolima;SUÁREZ
Cauca;MIRANDA
Meta;VISTAHERMOSA
Meta;MAPIRIPÁN
Antioquia;PUERTO NARE
Córdoba;AYAPEL
Casanare;SAN LUIS DE PALENQUE
Atlántico;SABANAGRANDE
Sucre;SAN ONOFRE
Magdalena;SABANAS DE SAN ANGEL
Valle del Cauca;OBANDO
Valle del Cauca;ALCALÁ
Quindío;QUIMBAYA
Bolívar;SANTA CATALINA
Sucre;LOS PALMITOS
Antioquia;MONTEBELLO
Santander;VILLANUEVA
Boyaca;PESCA
Atlántico;CAMPO DE LA CRUZ
Cesar;EL COPEY
Cauca;PIAMONTE
Magdalena;EL RETÉN
Antioquia;SANTA BARBARA
Nariño;ANCUYÁ
Cauca;TORIBIO
Casanare;TAURAMENA
Magdalena;ARACATACA
Magdalena;SANTA ANA
Cesar;SAN MARTÍN
Santander;MOGOTES
Cundinamarca;GAMA
Cundinamarca;PACHO
Cundinamarca;CAQUEZA
Norte de Santander;CHITAGÁ
Santander;LEBRÍJA
Antioquia;ANZA
Sucre;SAMPUÉS
Antioquia;GIRARDOTA
Caldas;MARMATO
Nariño;SANDONÁ
Antioquia;YARUMAL
Tolima;RONCESVALLES
Córdoba;SAN BERNARDO DEL VIENTO
Santander;LANDÁZURI
Cundinamarca;APULO
Magdalena;CIÉNAGA
Santander;JESÚS MARÍA
Cauca;MERCADERES
Córdoba;MOMIL
Caldas;PALESTINA
Caldas;PENSILVANIA
Bolívar;TURBANÁ
Caquetá;SAN JOSÉ DEL FRAGUA
Santander;TONA
Nariño;RICAURTE
Sucre;SUCRE
Sucre;LA UNIÓN
Santander;SAN JOAQUÍN
Cundinamarca;VERGARA
Huila;RIVERA
Santander;CIMITARRA
Tolima;VENADILLO
Norte de Santander;CHINÁCOTA
Tolima;LÉRIDA
Santander;RIONEGRO
Córdoba;SAN ANTERO
Cauca;PATÍA
Huila;TIMANÁ
Antioquia;ITUANGO
Meta;URIBE
Tolima;GUAMO
Santander;GUAVATÁ
Quindío;SALENTO
Vichada;PUERTO CARREÑO
Cundinamarca;SIBATÉ
Tolima;ANZOÁTEGUI
Magdalena;ALGARROBO
Córdoba;PUERTO LIBERTADOR
Tolima;ATACO
Magdalena;PUEBLOVIEJO
Nariño;POLICARPA
Cundinamarca;SUBACHOQUE
Valle del Cauca;ANDALUCÍA
Cundinamarca;PAIME
Meta;CUBARRAL
Putumayo;ORITO
Norte de Santander;HACARÍ
Antioquia;HISPANIA
Huila;SUAZA
Huila;ALGECIRAS
Boyaca;SANTA ROSA DE VITERBO
Córdoba;LOS CÓRDOBAS
Bolívar;SAN ESTANISLAO
Norte de Santander;EL ZULIA
Santander;SURATÁ
Casanare;OROCUÉ
Santander;SANTA HELENA DEL OPÓN
Antioquia;PUEBLORRICO
Boyaca;TOCA
Nariño;BARBACOAS
Cesar;BOSCONIA
Nariño;EL TAMBO
Cundinamarca;TOCAIMA
Cauca;TIMBÍO
Cundinamarca;PUERTO SALGAR
Caldas;PÁCORA
Antioquia;PEÑOL
Antioquia;SANTAFÉ DE ANTIOQUIA
Antioquia;LA CEJA
Caldas;BELALCÁZAR
Cundinamarca;SUESCA
Valle del Cauca;GUACARÍ
Cundinamarca;SUSA
Nariño;TAMINANGO
Nariño;OLAYA HERRERA
Cesar;EL PASO
Cundinamarca;SAN FRANCISCO
Nariño;OSPINA
Nariño;TÚQUERRES
Boyaca;CHITARAQUE
Boyaca;SANTANA
Cundinamarca;SUTATAUSA
Valle del Cauca;TRUJILLO
Antioquia;CAICEDO
Tolima;ALPUJARRA
Cundinamarca;NEMOCÓN
Valle del Cauca;ZARZAL
Antioquia;BETULIA
Boyaca;GACHANTIVÁ
Atlántico;JUAN DE ACOSTA
Cundinamarca;GRANADA
Cundinamarca;GUADUAS
Huila;HOBO
Tolima;CARMEN DE APICALÁ
Cauca;BUENOS AIRES
Cundinamarca;LA PALMA
Antioquia;ZARAGOZA
Casanare;VILLANUEVA
Caquetá;LA MONTAÑITA
Boyaca;TURMEQUÉ
Antioquia;SAN FRANCISCO
Cundinamarca;LA MESA
Sucre;PALMITO
Putumayo;SIBUNDOY
Valle del Cauca;VERSALLES
Tolima;ORTEGA
Antioquia;BURITICÁ
Santander;AGUADA
Chocó;BAHÍA SOLANO
Cauca;PUERTO TEJADA
Tolima;PRADO
Bolívar;SANTA ROSA
Casanare;SABANALARGA
Boyaca;VILLA DE LEYVA
Antioquia;CÁCERES
Chocó;CÉRTEGUI
Risaralda;SANTUARIO
Bolívar;ACHÍ
Guaviare;CALAMAR
Guainía;BARRANCO MINAS
Bolívar;PINILLOS
Risaralda;APÍA
Córdoba;CHIMÁ
Sucre;COLOSO
Valle del Cauca;EL ÁGUILA
Antioquia;TARSO
Chocó;ALTO BAUDO
Meta;LEJANÍAS
Antioquia;SAN JERÓNIMO
Meta;SAN MARTÍN
Tolima;VILLAHERMOSA
Boyaca;SOMONDOCO
Cundinamarca;NOCAIMA
Meta;CUMARAL
Antioquia;RETIRO
Cundinamarca;CARMEN DE CARUPA
Cauca;LÓPEZ
Casanare;TRINIDAD
Boyaca;CUBARÁ
Chocó;EL CARMEN DE ATRATO
Nariño;CHACHAGÜÍ
Cauca;ARGELIA
Cundinamarca;ARBELÁEZ
Nariño;SAN BERNARDO
Nariño;GUAITARILLA
Boyaca;LABRANZAGRANDE
Bolívar;MONTECRISTO
Risaralda;LA VIRGINIA
Nariño;YACUANQUER
Antioquia;NECOCLÍ
Cesar;TAMALAMEQUE
Bolívar;CANTAGALLO
Cauca;ROSAS
Boyaca;SANTA MARÍA
Antioquia;EL BAGRE
Cesar;PUEBLO BELLO
Cesar;RÍO DE ORO
Tolima;NATAGAIMA
Antioquia;REMEDIOS
Cauca;PURACÉ
Caldas;SUPÍA
Atlántico;GALAPA
Cundinamarca;VENECIA
Norte de Santander;CONVENCIÓN
Boyaca;PAUNA
Antioquia;PUERTO TRIUNFO
Boyaca;SAN JOSÉ DE PARE
Chocó;MEDIO SAN JUAN
Santander;CURITÍ
Meta;PUERTO RICO
Antioquia;GUATAPE
Antioquia;VALDIVIA
Boyaca;TÓPAGA
Boyaca;PISBA
Cauca;SAN SEBASTIÁN
Guainía;INÍRIDA
Antioquia;OLAYA
Boyaca;CHITA
Casanare;NUNCHÍA
La Guajira;URUMITA
Cauca;GUACHENE
Bolívar;NOROSI
Antioquia;LA PINTADA
Bolívar;EL GUAMO
Antioquia;CAREPA
Tolima;ARMERO
Cesar;SAN DIEGO
Boyaca;SAN LUIS DE GACENO
Antioquia;SAN PEDRO DE URABA
Boyaca;PAJARITO
Antioquia;CIUDAD BOLÍVAR
Cundinamarca;ANAPOIMA
Putumayo;VILLAGARZÓN
Boyaca;ALMEIDA
Antioquia;LA UNIÓN
Boyaca;CHIVATÁ
Cundinamarca;BOJACÁ
Antioquia;LIBORINA
Bolívar;TALAIGUA NUEVO
Antioquia;AMALFI
Nariño;LA UNIÓN
Córdoba;COTORRA
Meta;PUERTO LLERAS
Valle del Cauca;TORO
Magdalena;SANTA BÁRBARA DE PINTO
Antioquia;FRONTINO
Santander;SAN JOSÉ DE MIRANDA
Huila;BARAYA
Santander;MATANZA
Cesar;PAILITAS
Atlántico;LURUACO
Nariño;IMUÉS
Cundinamarca;TABIO
Meta;MESETAS
Valle del Cauca;VIJES
Caldas;VITERBO
Meta;EL CALVARIO
Huila;ELÍAS
Antioquia;ARMENIA
Nariño;SAN LORENZO
Antioquia;ARBOLETES
Huila;COLOMBIA
Cundinamarca;CHAGUANÍ
Cundinamarca;EL ROSAL
Antioquia;ANGELÓPOLIS
Boyaca;PAZ DE RÍO
Santander;PINCHOTE
Cundinamarca;CAPARRAPÍ
Tolima;ICONONZO
Valle del Cauca;CALIMA
Santander;GÜEPSA
Cundinamarca;AGUA DE DIOS
Tolima;SAN ANTONIO
Magdalena;PIJIÑO DEL CARMEN
Nariño;ROBERTO PAYÁN
Cauca;BOLÍVAR
Antioquia;VALPARAÍSO
Tolima;FALAN
Huila;SALADOBLANCO
Antioquia;VENECIA
Chocó;MEDIO ATRATO
Norte de Santander;SALAZAR
Chocó;UNIÓN PANAMERICANA
Meta;CABUYARO
Boyaca;CALDAS
Boyaca;CORRALES
Casanare;HATO COROZAL
Arauca;FORTUL
Antioquia;TOLEDO
Chocó;BOJAYA
Valle del Cauca;ULLOA
Boyaca;SOATÁ
Santander;OIBA
Cauca;TIMBIQUÍ
Valle del Cauca;RIOFRÍO
Norte de Santander;LA ESPERANZA
Bolívar;CLEMENCIA
Boyaca;ARCABUCO
Sucre;MAJAGUAL
Casanare;TÁMARA
Meta;PUERTO CONCORDIA
Santander;SUAITA
Bolívar;SAN JACINTO
Cundinamarca;MEDINA
Boyaca;GUATEQUE
Chocó;SAN JOSÉ DEL PALMAR
Córdoba;SAN CARLOS
Bolívar;SAN CRISTÓBAL
Antioquia;GIRALDO
Cundinamarca;QUETAME
Boyaca;CÓMBITA
Boyaca;TASCO
Putumayo;SAN MIGUEL
Guaviare;MIRAFLORES
Santander;GALÁN
Boyaca;BELÉN
Cundinamarca;JERUSALÉN
Boyaca;QUÍPAMA
Córdoba;SAN ANDRÉS SOTAVENTO
Caldas;RISARALDA
Putumayo;VALLE DEL GUAMUEZ
Huila;GUADALUPE
Sucre;EL ROBLE
Cundinamarca;UBALÁ
Cundinamarca;CABRERA
Huila;TERUEL
Chocó;CONDOTO
Santander;CHARTA
Antioquia;YALÍ
Antioquia;ARGELIA
Sucre;SAN PEDRO
Risaralda;BELÉN DE UMBRÍA
Nariño;PROVIDENCIA
Antioquia;YOLOMBÓ
Nariño;PUERRES
Tolima;VILLARRICA
Magdalena;CHIBOLO
Putumayo;PUERTO GUZMÁN
Bolívar;CÓRDOBA
Meta;RESTREPO
Boyaca;SORA
Nariño;PUPIALES
Risaralda;MISTRATÓ
Santander;BARICHARA
Cundinamarca;PARATEBUENO
Cesar;ASTREA
Nariño;MAGÜI
Cundinamarca;FOMEQUE
Bolívar;ARENAL
Cundinamarca;SOPÓ
Boyaca;RAMIRIQUÍ
Nariño;SAN PABLO
Cundinamarca;TIBIRITA
Caquetá;EL DONCELLO
Córdoba;TUCHIN
Nariño;TANGUA
Antioquia;JARDÍN
Bolívar;MAHATES
Amazonas;PUERTO NARIÑO
Santander;EL PLAYÓN
Tolima;HERVEO
Santander;SUCRE
Tolima;SANTA ISABEL
Nariño;CUMBITARA
Magdalena;SAN ZENÓN
Cundinamarca;CUCUNUBÁ
Boyaca;TUTA
Caldas;SAMANÁ
Cauca;SUCRE
Cundinamarca;LA PEÑA
Norte de Santander;ARBOLEDAS
Boyaca;TINJACÁ
Norte de Santander;SILOS
Santander;ARATOCA
Cundinamarca;CHOCONTÁ
Boyaca;SORACÁ
Meta;LA MACARENA
Risaralda;BALBOA
Tolima;MURILLO
Cundinamarca;PANDI
Cauca;LA SIERRA
Huila;PITAL
Santander;VALLE DE SAN JOSÉ
Bolívar;CALAMAR
Chocó;TADÓ
Antioquia;SAN ANDRÉS DE CUERQUÍA
Sucre;GALERAS
Quindío;CIRCASIA
Risaralda;GUÁTICA
Boyaca;SAN MATEO
Tolima;PIEDRAS
Norte de Santander;SARDINATA
Santander;CHARALÁ
Cauca;PADILLA
Nariño;EL TABLÓN DE GÓMEZ
Nariño;LINARES
Meta;EL DORADO
Boyaca;BUENAVISTA
Huila;ALTAMIRA
Caldas;NORCASIA
Cundinamarca;VILLAPINZÓN
Antioquia;MACEO
Santander;GUADALUPE
Nariño;EL ROSARIO
Antioquia;GRANADA
Huila;PALESTINA
Cundinamarca;YACOPÍ
Bolívar;SANTA ROSA DEL SUR
Boyaca;MACANAL
Boyaca;LA UVITA
Caquetá;CURILLO
Boyaca;ZETAQUIRA
Atlántico;POLONUEVO
Santander;ALBANIA
Cauca;BALBOA
Boyaca;EL COCUY
Boyaca;TOGÜÍ
Bolívar;ARROYOHONDO
Nariño;ALDANA
Cundinamarca;EL PEÑÓN
Santander;CONTRATACIÓN
Cesar;LA GLORIA
Cundinamarca;GUACHETÁ
Norte de Santander;EL TARRA
Valle del Cauca;SAN PEDRO
Caldas;MARQUETALIA
Cauca;ALMAGUER
Boyaca;CHISCAS
Chocó;BAGADÓ
Cundinamarca;TENA
Cundinamarca;QUEBRADANEGRA
Magdalena;GUAMAL
Chocó;SIPÍ
Casanare;PORE
Caquetá;VALPARAÍSO
Meta;SAN CARLOS DE GUAROA
Boyaca;TIBANÁ
Boyaca;OICATÁ
Norte de Santander;SANTIAGO
Boyaca;IZA
Antioquia;NECHI
Vichada;SANTA ROSALÍA
Caldas;VICTORIA
Valle del Cauca;EL CAIRO
Santander;LOS SANTOS
Nariño;SANTACRUZ
Boyaca;TENZA
Boyaca;PAYA
La Guajira;DISTRACCIÓN
Norte de Santander;RAGONVALIA
Atlántico;PIOJÓ
Antioquia;ABEJORRAL
Putumayo;PUERTO CAICEDO
Norte de Santander;TEORAMA
Norte de Santander;LOURDES
Norte de Santander;EL CARMEN
Tolima;PALOCABILDO
Tolima;COELLO
Cundinamarca;GACHALA
Boyaca;MONGUA
Boyaca;MOTAVITA
Norte de Santander;PAMPLONITA
Boyaca;SATIVASUR
Bolívar;MORALES
Antioquia;MURINDÓ
Cundinamarca;TIBACUY
Atlántico;TUBARÁ
Cundinamarca;GUAYABAL DE SIQUIMA
Nariño;COLÓN
Huila;OPORAPA
Santander;SAN ANDRÉS
Antioquia;ABRIAQUÍ
Tolima;SAN LUIS
Boyaca;SATIVANORTE
Antioquia;CARACOLÍ
Santander;CALIFORNIA
Nariño;GUACHUCAL
Cundinamarca;SAN BERNARDO
Tolima;VALLE DE SAN JUAN
Boyaca;SUTATENZA
Amazonas;TARAPACÁ
Cundinamarca;VIOTÁ
Cundinamarca;QUIPILE
Santander;ENCISO
Huila;TELLO
Arauca;PUERTO RONDÓN
Chocó;JURADÓ
Cundinamarca;JUNÍN
Santander;CHIMA
La Guajira;ALBANIA
Magdalena;SITIONUEVO
Bolívar;CICUCO
Cauca;PAEZ
Cesar;GONZÁLEZ
Caldas;SALAMINA
Caquetá;MORELIA
Antioquia;CAÑASGORDAS
Santander;EL PEÑÓN
Santander;LA BELLEZA
Cundinamarca;BITUIMA
Magdalena;SAN SEBASTIÁN DE BUENAVISTA
Boyaca;EL ESPINO
Cundinamarca;UBAQUE
Cundinamarca;LENGUAZAQUE
Antioquia;BETANIA
Santander;ZAPATOCA
Magdalena;REMOLINO
Cundinamarca;SUPATÁ
Casanare;CHAMEZA
Cundinamarca;NIMAIMA
Cundinamarca;SAN JUAN DE RÍO SECO
Antioquia;CAMPAMENTO
Cundinamarca;ALBÁN
Santander;SIMACOTA
Boyaca;SUSACÓN
Quindío;CÓRDOBA
Caldas;FILADELFIA
Boyaca;FIRAVITOBA
Nariño;BELÉN
Chocó;EL LITORAL DEL SAN JUAN
Santander;SAN BENITO
Antioquia;CARAMANTA
Boyaca;COVARACHÍA
Boyaca;TUTAZÁ
Antioquia;URAMITA
Sucre;CHALÁN
Caquetá;ALBANIA
Nariño;LOS ANDES
Cundinamarca;TAUSA
Santander;EL CARMEN DE CHUCURÍ
Boyaca;SOTAQUIRÁ
Cundinamarca;VIANÍ
Boyaca;SANTA SOFÍA
Boyaca;CHÍQUIZA
Atlántico;PONEDERA
Casanare;LA SALINA
Cauca;SANTA ROSA
Valle del Cauca;LA VICTORIA
Cauca;JAMBALÓ
Boyaca;OTANCHE
Santander;CAPITANEJO
Norte de Santander;SAN CAYETANO
Nariño;ALBÁN
Boyaca;FLORESTA
Boyaca;CUÍTIVA
Huila;SANTA MARÍA
Norte de Santander;LABATECA
Cundinamarca;SAN CAYETANO
Santander;CONCEPCIÓN
Bolívar;ZAMBRANO
Cundinamarca;FOSCA
Antioquia;HELICONIA
Boyaca;CERINZA
Norte de Santander;CACHIRÁ
Santander;GAMBITA
Norte de Santander;BUCARASICA
Antioquia;SABANALARGA
Atlántico;REPELÓN
Cesar;GAMARRA
Cauca;FLORENCIA
Caldas;SAN JOSÉ
Nariño;CÓRDOBA
Caldas;MARULANDA
Bolívar;SOPLAVIENTO
Boyaca;NUEVO COLÓN
Bolívar;BARRANCO DE LOBA
Boyaca;JENESANO
Amazonas;PUERTO SANTANDER
Santander;FLORIÁN
Antioquia;GUADALUPE
Boyaca;RÁQUIRA
Nariño;MOSQUERA
Nariño;ARBOLEDA
Sucre;BUENAVISTA
Santander;CABRERA
Boyaca;PACHAVITA
Antioquia;NARIÑO
Boyaca;BRICEÑO
Cundinamarca;GUATAQUÍ
Casanare;RECETOR
Nariño;LEIVA
Santander;ONZAGA
Boyaca;GUAYATÁ
Santander;GUAPOTÁ
Norte de Santander;GRAMALOTE
Boyaca;CAMPOHERMOSO
Amazonas;LA PEDRERA
Boyaca;MONGUÍ
Boyaca;CHINAVITA
Santander;CHIPATÁ
Sucre;CAIMITO
Santander;MACARAVITA
Bolívar;SAN JACINTO DEL CAUCA
Antioquia;ENTRERRIOS
Chocó;LLORÓ
Córdoba;MOÑITOS
Atlántico;SANTA LUCÍA
Chocó;BAJO BAUDÓ
Boyaca;MARIPÍ
Nariño;SAN PEDRO DE CARTAGO
Putumayo;SANTIAGO
Boyaca;CUCAITA
Nariño;LA LLANADA
Nariño;ILES
Nariño;MALLAMA
Santander;CARCASÍ
Boyaca;COPER
Cundinamarca;MACHETA
Santander;PUERTO PARRA
Quindío;GÉNOVA
Atlántico;SUAN
Arauca;CRAVO NORTE
Nariño;LA TOLA
Caldas;LA MERCED
Sucre;SAN JUAN DE BETULIA
Santander;COROMORO
Nariño;NARIÑO
Chocó;RÍO IRO
Caquetá;SOLITA
Nariño;CONTADERO
Santander;PALMAS DEL SOCORRO
Boyaca;SOCOTÁ
Santander;OCAMONTE
Putumayo;SAN FRANCISCO
Boyaca;JERICÓ
Magdalena;ZAPAYÁN
Santander;LA PAZ
Córdoba;SAN JOSE DE URE
Boyaca;LA CAPILLA
Tolima;CASABIANCA
Santander;ENCINO
Norte de Santander;DURANIA
Norte de Santander;MUTISCUA
Nariño;GUALMATÁN
Nariño;FRANCISCO PIZARRO
Cundinamarca;VILLAGÓMEZ
Atlántico;PALMAR DE VARELA
Cundinamarca;GUAYABETAL
Bolívar;REGIDOR
Casanare;SÁCAMA
Boyaca;TIPACOQUE
Cundinamarca;PULÍ
Boyaca;RONDÓN
Boyaca;GAMEZA
Nariño;POTOSÍ
Santander;HATO
Chocó;RÍO QUITO
Chocó;CARMEN DEL DARIEN
Atlántico;CANDELARIA
Bolívar;SAN MARTÍN DE LOBA
Sucre;GUARANDA
Boyaca;PÁEZ
Magdalena;EL PIÑON
Amazonas;LA CHORRERA
Nariño;SAPUYES
Boyaca;TOTA
Bolívar;ALTOS DEL ROSARIO
Atlántico;USIACURÍ
Boyaca;BOAVITA
Nariño;CUASPUD
Bolívar;SAN FERNANDO
Nariño;FUNES
Nariño;CONSACA
Cundinamarca;MANTA
Boyaca;SAN EDUARDO
Boyaca;BERBEO
Vaupés;CARURU
Cundinamarca;BELTRÁN
Norte de Santander;HERRÁN
Nariño;SANTA BÁRBARA
Quindío;BUENAVISTA
Chocó;EL CANTÓN DEL SAN PABLO
Boyaca;TUNUNGUÁ
Chocó;MEDIO BAUDÓ
Boyaca;CIÉNEGA
Santander;SANTA BÁRBARA
Magdalena;CONCORDIA
Antioquia;BELMIRA
Chocó;ACANDÍ
Santander;EL GUACAMAYO
Santander;VETAS
Antioquia;PEQUE
Magdalena;NUEVA GRANADA
Amazonas;PUERTO ARICA
Norte de Santander;VILLA CARO
Bolívar;RÍO VIEJO
Boyaca;VIRACACHÁ
Cundinamarca;NARIÑO
Santander;CEPITÁ
Atlántico;MANATÍ
Santander;SAN MIGUEL
Magdalena;CERRO SAN ANTONIO
Boyaca;UMBITA
Chocó;ATRATO
Santander;CONFINES
Santander;PALMAR
Vaupés;TARAIRA
La Guajira;LA JAGUA DEL PILAR
Santander;GUACA
La Guajira;EL MOLINO
Boyaca;GÜICÁN
Santander;MOLAGAVITA
Bolívar;HATILLO DE LOBA
Boyaca;BUSBANZÁ
Meta;SAN JUANITO
Magdalena;SALAMINA
Chocó;BELÉN DE BAJIRÁ
Boyaca;PANQUEBA
Amazonas;EL ENCANTO
Boyaca;CHIVOR
Guainía;CACAHUAL
Antioquia;ALEJANDRÍA
Boyaca;GUACAMAYAS
Amazonas;MIRITI - PARANÁ
Boyaca;LA VICTORIA
Santander;JORDÁN
Guainía;MAPIRIPANA
Cauca;EL BORDO
Vaupés;YAVARATÉ
Guainía;SAN FELIPE
Guainía;PUERTO COLOMBIA